M130001027,東京都豊島区池袋4-27-8 201
M130001030,東京都豊島区池袋4-27-8 203
1階,東京都豊島区要町1-13-11 1階
B棟,東京都豊島区上池袋2-19-2 B棟
Valencia102,東京都豊島区上池袋3-4-13 Valencia102
Valencia202,東京都豊島区上池袋3-4-13 Valencia202
Valencia203,東京都豊島区上池袋3-4-13 Valencia203
ｴﾐﾅｽ池袋1101,東京都豊島区南池袋2-47-4 ｴﾐﾅｽ池袋1101
ｴﾐﾅｽ池袋702,東京都豊島区南池袋2-47-4 ｴﾐﾅｽ池袋702
ｴﾐﾅｽ池袋902,東京都豊島区南池袋2-47-4 ｴﾐﾅｽ池袋902
ガーデン大塚301,東京都豊島区南大塚3-38-14 ガーデン大塚301
ガーデン大塚302,東京都豊島区南大塚3-38-14 ガーデン大塚302
ガーデン大塚603,東京都豊島区南大塚3-38-14 ガーデン大塚603
ガーデン大塚604,東京都豊島区南大塚3-38-14 ガーデン大塚604
ガーデン大塚605,東京都豊島区南大塚3-38-14 ガーデン大塚605
ガーデン大塚803,東京都豊島区南大塚3-38-14 ガーデン大塚803
ｻﾝｼｬｲﾝｺｰｹﾝﾌﾟﾗｻﾞ604,東京都豊島区東池袋3-2-4 ｻﾝｼｬｲﾝｺｰｹﾝﾌﾟﾗｻﾞ604
ｻﾝｼｬｲﾝｺｰｹﾝﾌﾟﾗｻﾞ701,東京都豊島区東池袋3-2-4 ｻﾝｼｬｲﾝｺｰｹﾝﾌﾟﾗｻﾞ701
ｻﾝｼｬｲﾝｺｰｹﾝﾌﾟﾗｻﾞ707,東京都豊島区東池袋3-2-4 ｻﾝｼｬｲﾝｺｰｹﾝﾌﾟﾗｻﾞ707
メゾンオノ101,東京都豊島区駒込2-9-5 メゾンオノ101
メゾンオノ202,東京都豊島区駒込2-9-5 メゾンオノ202
メゾン文月201,東京都豊島区池袋本町4-5-3 メゾン文月201
寿ハイツ101,東京都豊島区池袋2-29-2 寿ハイツ101
新光池袋第3コーポ101,東京都豊島区池袋3-9-6 新光池袋第3コーポ101
新光池袋第3コーポ102,東京都豊島区池袋3-9-6 新光池袋第3コーポ102
泰共ﾌﾗｯﾄﾋﾞﾙ603,東京都豊島区西池袋3-30-11 泰共ﾌﾗｯﾄﾋﾞﾙ603
泰共ﾌﾗｯﾄﾋﾞﾙ605,東京都豊島区西池袋3-30-11 泰共ﾌﾗｯﾄﾋﾞﾙ605
泰共ﾌﾗｯﾄﾋﾞﾙ606,東京都豊島区西池袋3-30-11 泰共ﾌﾗｯﾄﾋﾞﾙ606
泰共ﾌﾗｯﾄﾋﾞﾙ607,東京都豊島区西池袋3-30-11 泰共ﾌﾗｯﾄﾋﾞﾙ607
泰共ﾌﾗｯﾄﾋﾞﾙ610,東京都豊島区西池袋3-30-11 泰共ﾌﾗｯﾄﾋﾞﾙ610
泰共ﾌﾗｯﾄﾋﾞﾙ612,東京都豊島区西池袋3-30-11 泰共ﾌﾗｯﾄﾋﾞﾙ612
泰共ﾌﾗｯﾄﾋﾞﾙ6B,東京都豊島区西池袋3-30-11 泰共ﾌﾗｯﾄﾋﾞﾙ6B
白鳥ハイツ301,東京都豊島区池袋2-23-23 白鳥ハイツ301
豊原物産ビル2F,東京都豊島区北大塚3-32-10 豊原物産ビル2F
ガーデン大塚201,東京都豊島区南大塚3-38-14 ガーデン大塚201
ガーデン大塚202,東京都豊島区南大塚3-38-14 ガーデン大塚202
ベイトシャローム406,東京都豊島区駒込2-7-18 ベイトシャローム406
ガーデン大塚702,東京都豊島区南大塚3-38-14 ガーデン大塚702
ｸﾞﾗﾝﾄﾞﾒｿﾞﾝTJ303,東京都豊島区池袋1-16-18 ｸﾞﾗﾝﾄﾞﾒｿﾞﾝTJ303
M130002647,東京都豊島区池袋2-33-16 
恒華ﾊﾟﾚｽ池袋201,東京都豊島区池袋2-72-4 恒華ﾊﾟﾚｽ池袋201
恒華ﾊﾟﾚｽ池袋203,東京都豊島区池袋2-72-4 恒華ﾊﾟﾚｽ池袋203
恒華ﾊﾟﾚｽ池袋206,東京都豊島区池袋2-72-4 恒華ﾊﾟﾚｽ池袋206
恒華ﾊﾟﾚｽ池袋303,東京都豊島区池袋2-72-4 恒華ﾊﾟﾚｽ池袋303
恒華ﾊﾟﾚｽ池袋306,東京都豊島区池袋2-72-4 恒華ﾊﾟﾚｽ池袋306
恒華ﾊﾟﾚｽ池袋401,東京都豊島区池袋2-72-4 恒華ﾊﾟﾚｽ池袋401
恒華ﾊﾟﾚｽ池袋402,東京都豊島区池袋2-72-4 恒華ﾊﾟﾚｽ池袋402
恒華ﾊﾟﾚｽ池袋406,東京都豊島区池袋2-72-4 恒華ﾊﾟﾚｽ池袋406
恒華ﾊﾟﾚｽ池袋503,東京都豊島区池袋2-72-4 恒華ﾊﾟﾚｽ池袋503
恒華ﾊﾟﾚｽ池袋506,東京都豊島区池袋2-72-4 恒華ﾊﾟﾚｽ池袋506
北大塚12共同ビル701,東京都豊島区北大塚2-12-7 北大塚12共同ビル701
COSMY-Ⅱ201,東京都豊島区池袋2-39-5 COSMY-Ⅱ201
COSMY-Ⅱ203,東京都豊島区池袋2-39-5 COSMY-Ⅱ203
COSMY-Ⅱ205,東京都豊島区池袋2-39-5 COSMY-Ⅱ205
COSMY-Ⅱ305,東京都豊島区池袋2-39-5 COSMY-Ⅱ305
COSMY-Ⅱ402,東京都豊島区池袋2-39-5 COSMY-Ⅱ402
COSMY-Ⅱ403,東京都豊島区池袋2-39-5 COSMY-Ⅱ403
COSMY-Ⅱ503,東京都豊島区池袋2-39-5 COSMY-Ⅱ503
羽田ビル201,東京都豊島区池袋2-76-12 羽田ビル201
TSK東池袋ﾋﾞﾙ3F,東京都豊島区東池袋2-22-6 TSK東池袋ﾋﾞﾙ3F
TSK東池袋ﾋﾞﾙ4F,東京都豊島区東池袋2-22-6 TSK東池袋ﾋﾞﾙ4F
TSK東池袋ﾋﾞﾙ5F,東京都豊島区東池袋2-22-6 TSK東池袋ﾋﾞﾙ5F
オオカ荘101,東京都豊島区西池袋5-27-6 オオカ荘101
ﾗｼｸﾗｽ池袋101,東京都豊島区西池袋2-24-7 ﾗｼｸﾗｽ池袋101
ﾗｼｸﾗｽ池袋102,東京都豊島区西池袋2-24-7 ﾗｼｸﾗｽ池袋102
ﾗｼｸﾗｽ池袋201,東京都豊島区西池袋2-24-7 ﾗｼｸﾗｽ池袋201
ﾗｼｸﾗｽ池袋202,東京都豊島区西池袋2-24-7 ﾗｼｸﾗｽ池袋202
ﾗｼｸﾗｽ池袋301,東京都豊島区西池袋2-24-7 ﾗｼｸﾗｽ池袋301
ﾗｼｸﾗｽ池袋302,東京都豊島区西池袋2-24-7 ﾗｼｸﾗｽ池袋302
ﾗｼｸﾗｽ池袋401,東京都豊島区西池袋2-24-7 ﾗｼｸﾗｽ池袋401
ﾗｼｸﾗｽ池袋402,東京都豊島区西池袋2-24-7 ﾗｼｸﾗｽ池袋402
ﾜｰﾙﾄﾞｳｨﾝｸﾞﾋﾞﾙﾃﾞｨﾝｸﾞ301,東京都豊島区巣鴨4-19-8 ﾜｰﾙﾄﾞｳｨﾝｸﾞﾋﾞﾙﾃﾞｨﾝｸﾞ301
ﾜｰﾙﾄﾞｳｨﾝｸﾞﾋﾞﾙﾃﾞｨﾝｸﾞ303,東京都豊島区巣鴨4-19-8 ﾜｰﾙﾄﾞｳｨﾝｸﾞﾋﾞﾙﾃﾞｨﾝｸﾞ303
ﾜｰﾙﾄﾞｳｨﾝｸﾞﾋﾞﾙﾃﾞｨﾝｸﾞ501,東京都豊島区巣鴨4-19-8 ﾜｰﾙﾄﾞｳｨﾝｸﾞﾋﾞﾙﾃﾞｨﾝｸﾞ501
ユウトヴィレッジ南長崎,東京都豊島区南長崎2-22-16 ユウトヴィレッジ南長崎
クレスト池袋302,東京都豊島区池袋3-62-7 クレスト池袋302
ｻﾝﾊｲﾂ池袋302,東京都豊島区南池袋2-47-7 ｻﾝﾊｲﾂ池袋302
M130003743,東京都豊島区目白3-5-16 1F
M130003745,東京都豊島区目白3-5-16 4F
クレスト池袋201,東京都豊島区池袋3-62-7 クレスト池袋201
南大塚アパート101,東京都豊島区南大塚1-28-9 南大塚アパート101
南大塚アパート102,東京都豊島区南大塚1-28-9 南大塚アパート102
南大塚アパート202,東京都豊島区南大塚1-28-9 南大塚アパート202
池袋ﾊﾟｰｸﾊｲﾂ1405,東京都豊島区東池袋2-60-2 池袋ﾊﾟｰｸﾊｲﾂ1405
ｴﾇｴｽｹﾞｰﾄ池袋102,東京都豊島区池袋1-12-13 ｴﾇｴｽｹﾞｰﾄ池袋102
ｴﾇｴｽｹﾞｰﾄ池袋111,東京都豊島区池袋1-12-13 ｴﾇｴｽｹﾞｰﾄ池袋111
ｴﾇｴｽｹﾞｰﾄ池袋115,東京都豊島区池袋1-12-13 ｴﾇｴｽｹﾞｰﾄ池袋115
ｴﾇｴｽｹﾞｰﾄ池袋202,東京都豊島区池袋1-12-13 ｴﾇｴｽｹﾞｰﾄ池袋202
ｴﾇｴｽｹﾞｰﾄ池袋205,東京都豊島区池袋1-12-13 ｴﾇｴｽｹﾞｰﾄ池袋205
ｴﾇｴｽｹﾞｰﾄ池袋206,東京都豊島区池袋1-12-13 ｴﾇｴｽｹﾞｰﾄ池袋206
ｴﾇｴｽｹﾞｰﾄ池袋210,東京都豊島区池袋1-12-13 ｴﾇｴｽｹﾞｰﾄ池袋210
ｴﾇｴｽｹﾞｰﾄ池袋211,東京都豊島区池袋1-12-13 ｴﾇｴｽｹﾞｰﾄ池袋211
ガーデン大塚801,802,804,東京都豊島区南大塚3-38-14 ガーデン大塚801,802,804
ﾌｫﾙﾑ池袋ﾌﾟﾚﾐｱﾑ102,東京都豊島区雑司が谷3-18-13 ﾌｫﾙﾑ池袋ﾌﾟﾚﾐｱﾑ102
ベイトシャローム901,東京都豊島区駒込2-7-18 ベイトシャローム901
ベイトシャローム902,東京都豊島区駒込2-7-18 ベイトシャローム902
渡辺ビル701,東京都豊島区東池袋4-41-22 渡辺ビル701
渡辺ビル802,東京都豊島区東池袋4-41-22 渡辺ビル802
クレスト池袋101,東京都豊島区池袋3-62-7 クレスト池袋101
クレスト池袋102,東京都豊島区池袋3-62-7 クレスト池袋102
ｱｰﾊﾞﾝﾌﾟﾚｲｽ池袋V201,東京都豊島区東池袋2-48-1 ｱｰﾊﾞﾝﾌﾟﾚｲｽ池袋V201
ｱｰﾊﾞﾝﾌﾟﾚｲｽ池袋V202,東京都豊島区東池袋2-48-1 ｱｰﾊﾞﾝﾌﾟﾚｲｽ池袋V202
ガーデン大塚204,東京都豊島区南大塚3-38-14 ガーデン大塚204
ガーデン大塚701,東京都豊島区南大塚3-38-14 ガーデン大塚701
ﾌｫﾙﾑ池袋ﾌﾟﾚﾐｱﾑ101,東京都豊島区雑司が谷3-18-13 ﾌｫﾙﾑ池袋ﾌﾟﾚﾐｱﾑ101
ベイトシャローム505,東京都豊島区駒込2-7-18 ベイトシャローム505
ベイトシャローム506,東京都豊島区駒込2-7-18 ベイトシャローム506
ベイトシャローム603,東京都豊島区駒込2-7-18 ベイトシャローム603
ﾙｰｾﾝﾄｺｰﾄ池袋101,東京都豊島区池袋4-24-10 ﾙｰｾﾝﾄｺｰﾄ池袋101
ﾙｰｾﾝﾄｺｰﾄ池袋102,東京都豊島区池袋4-24-10 ﾙｰｾﾝﾄｺｰﾄ池袋102
ﾙｰｾﾝﾄｺｰﾄ池袋201,東京都豊島区池袋4-24-10 ﾙｰｾﾝﾄｺｰﾄ池袋201
ﾙｰｾﾝﾄｺｰﾄ池袋202,東京都豊島区池袋4-24-10 ﾙｰｾﾝﾄｺｰﾄ池袋202
ﾙｰｾﾝﾄｺｰﾄ池袋301,東京都豊島区池袋4-24-10 ﾙｰｾﾝﾄｺｰﾄ池袋301
ﾙｰｾﾝﾄｺｰﾄ池袋302,東京都豊島区池袋4-24-10 ﾙｰｾﾝﾄｺｰﾄ池袋302
下根ビル202,東京都豊島区池袋2-64-13 下根ビル202
下根ビル301,東京都豊島区池袋2-64-13 下根ビル301
下根ビル401,東京都豊島区池袋2-64-13 下根ビル401
下根ビル402,東京都豊島区池袋2-64-13 下根ビル402
白鳥ハイツ305,東京都豊島区池袋2-23-23 白鳥ハイツ305
下根ビル302,東京都豊島区池袋2-64-13 下根ビル302
M130004492,東京都豊島区巣鴨5-10-3 1号室
ｴｸｽｸﾙｰｼﾌﾞ池袋201,東京都豊島区池袋本町4-6-11 ｴｸｽｸﾙｰｼﾌﾞ池袋201
セレス上池袋201,東京都豊島区上池袋4-22-3 セレス上池袋201
セレス上池袋202,東京都豊島区上池袋4-22-3 セレス上池袋202
セレス上池袋301,東京都豊島区上池袋4-22-3 セレス上池袋301
セレス上池袋302,東京都豊島区上池袋4-22-3 セレス上池袋302
プライムハイツ202,東京都豊島区雑司が谷2-1-2 プライムハイツ202
プライムハイツ401,東京都豊島区雑司が谷2-1-2 プライムハイツ401
プライムハイツ402,東京都豊島区雑司が谷2-1-2 プライムハイツ402
ﾒｿﾞﾝﾄﾞｰﾙｱﾑ602,東京都豊島区南大塚2-45-11 ﾒｿﾞﾝﾄﾞｰﾙｱﾑ602
ﾛｲﾔﾙｺｰﾄ池袋201,東京都豊島区西池袋2-10-18 ﾛｲﾔﾙｺｰﾄ池袋201
ﾛｲﾔﾙｺｰﾄ池袋202,東京都豊島区西池袋2-10-18 ﾛｲﾔﾙｺｰﾄ池袋202
ﾛｲﾔﾙｺｰﾄ池袋203,東京都豊島区西池袋2-10-18 ﾛｲﾔﾙｺｰﾄ池袋203
M130004797,東京都豊島区高松2-34-5 D棟
ｱﾒﾆﾃｨｵｰﾙ201,東京都豊島区上池袋1-17-10 ｱﾒﾆﾃｨｵｰﾙ201
ｱﾒﾆﾃｨｵｰﾙ202,東京都豊島区上池袋1-17-10 ｱﾒﾆﾃｨｵｰﾙ202
ｸﾛｰｶｽ202,東京都豊島区西巣鴨2-3-1 ｸﾛｰｶｽ202
ｸﾛｰｶｽ301,東京都豊島区西巣鴨2-3-1 ｸﾛｰｶｽ301
ｸﾛｰｶｽ302,東京都豊島区西巣鴨2-3-1 ｸﾛｰｶｽ302
菱和ﾊﾟﾚｽ池袋602,東京都豊島区池袋4-6-1 菱和ﾊﾟﾚｽ池袋602
三好荘①,東京都豊島区北大塚3-18-19 三好荘①
三好荘②,東京都豊島区北大塚3-18-19 三好荘②
永和ﾋﾞﾙ202,東京都豊島区北大塚1-12-3 永和ﾋﾞﾙ202
ｴﾐﾅｽ池袋1102,東京都豊島区南池袋2-47-4 ｴﾐﾅｽ池袋1102
ｴﾐﾅｽ池袋501,東京都豊島区南池袋2-47-4 ｴﾐﾅｽ池袋501
ｿﾗﾓ目白101,東京都豊島区西池袋2-1-8 ｿﾗﾓ目白101
ｿﾗﾓ目白102,東京都豊島区西池袋2-1-8 ｿﾗﾓ目白102
ｿﾗﾓ目白201,東京都豊島区西池袋2-1-8 ｿﾗﾓ目白201
ｿﾗﾓ目白202,東京都豊島区西池袋2-1-8 ｿﾗﾓ目白202
ﾘﾌｭｰｼﾞｭ・ｱｲ・ﾉｰｽ403,東京都豊島区南池袋1-14-2 ﾘﾌｭｰｼﾞｭ・ｱｲ・ﾉｰｽ403
ﾘﾌｭｰｼﾞｭ・ｱｲ・ﾉｰｽ802,東京都豊島区南池袋1-14-2 ﾘﾌｭｰｼﾞｭ・ｱｲ・ﾉｰｽ802
ﾘﾌｭｰｼﾞｭ・ｱｲ・ﾉｰｽ803,東京都豊島区南池袋1-14-2 ﾘﾌｭｰｼﾞｭ・ｱｲ・ﾉｰｽ803
ｴﾐﾅｽ池袋201,東京都豊島区南池袋2-47-4 ｴﾐﾅｽ池袋201
ｴﾐﾅｽ池袋202,東京都豊島区南池袋2-47-4 ｴﾐﾅｽ池袋202
ガーデン大塚206,東京都豊島区南大塚3-38-14 ガーデン大塚206
ﾌﾟﾛｽﾍﾟﾘﾃ池袋103,東京都豊島区池袋2-30-8 ﾌﾟﾛｽﾍﾟﾘﾃ池袋103
椎名町ハイム105,東京都豊島区長崎2-12-9 椎名町ハイム105
ガーデン大塚303,東京都豊島区南大塚3-38-14 ガーデン大塚303
ｺｰﾎﾟﾗｽ･ﾘｵ201,東京都豊島区雑司が谷1-41-6 ｺｰﾎﾟﾗｽ･ﾘｵ201
ベイトシャローム703,東京都豊島区駒込2-7-18 ベイトシャローム703
ﾒｿﾞﾝﾄﾞｰﾙｱﾑ601,東京都豊島区南大塚2-45-11 ﾒｿﾞﾝﾄﾞｰﾙｱﾑ601
第二市田ﾋﾞﾙ　2F,東京都豊島区南大塚3-34-12 第二市田ﾋﾞﾙ　2F
第二市田ﾋﾞﾙ　3F,東京都豊島区南大塚3-34-12 第二市田ﾋﾞﾙ　3F
第二市田ﾋﾞﾙ　5F,東京都豊島区南大塚3-34-12 第二市田ﾋﾞﾙ　5F
ｱﾑｽﾞﾊｳｽ302,東京都豊島区南大塚2-45-11 ｱﾑｽﾞﾊｳｽ302
ｱﾑｽﾞﾊｳｽ501,東京都豊島区南大塚2-45-11 ｱﾑｽﾞﾊｳｽ501
ｳﾞｨｴﾗ黒川201,東京都豊島区高田1-26-2 ｳﾞｨｴﾗ黒川201
ｳﾞｨｴﾗ黒川301,東京都豊島区高田1-26-2 ｳﾞｨｴﾗ黒川301
ｳﾞｨｴﾗ黒川302,東京都豊島区高田1-26-2 ｳﾞｨｴﾗ黒川302
ｷｬﾋﾟﾀﾙﾒｿﾞﾝ要町201,東京都豊島区高松1-2-1 ｷｬﾋﾟﾀﾙﾒｿﾞﾝ要町201
天松ﾋﾞﾙ201,東京都豊島区南大塚1-47-2 天松ﾋﾞﾙ201
ｲｰｽﾄｺｰﾄ長崎101,東京都豊島区長崎4-26-9 ｲｰｽﾄｺｰﾄ長崎101
ｲｰｽﾄｺｰﾄ長崎102,東京都豊島区長崎4-26-9 ｲｰｽﾄｺｰﾄ長崎102
ｲｰｽﾄｺｰﾄ長崎202,東京都豊島区長崎4-26-9 ｲｰｽﾄｺｰﾄ長崎202
ﾘﾌｭｰｼﾞｭ・ｱｲ・ﾉｰｽ503,東京都豊島区南池袋1-14-2 ﾘﾌｭｰｼﾞｭ・ｱｲ・ﾉｰｽ503
ｺｱ･ﾊﾅﾐ605,東京都豊島区巣鴨3-3-13 ｺｱ･ﾊﾅﾐ605
村田ビル401,東京都豊島区池袋1-1-5 村田ビル401
ﾘﾌｭｰｼﾞｭ・ｱｲ・ﾉｰｽ201,東京都豊島区南池袋1-14-2 ﾘﾌｭｰｼﾞｭ・ｱｲ・ﾉｰｽ201
ﾘﾌｭｰｼﾞｭ・ｱｲ・ﾉｰｽ401,東京都豊島区南池袋1-14-2 ﾘﾌｭｰｼﾞｭ・ｱｲ・ﾉｰｽ401
ﾘﾌｭｰｼﾞｭ・ｱｲ・ﾉｰｽ402,東京都豊島区南池袋1-14-2 ﾘﾌｭｰｼﾞｭ・ｱｲ・ﾉｰｽ402
ﾘﾌｭｰｼﾞｭ・ｱｲ・ﾉｰｽ801,東京都豊島区南池袋1-14-2 ﾘﾌｭｰｼﾞｭ・ｱｲ・ﾉｰｽ801
山下ｱﾊﾟｰﾄ101,東京都豊島区池袋本町3-22-12 山下ｱﾊﾟｰﾄ101
山清ﾋﾞﾙ203,東京都豊島区池袋2-55-6 山清ﾋﾞﾙ203
ＫＭビル201,東京都豊島区巣鴨1-27-5 ＫＭビル201
ＫＭビル301,東京都豊島区巣鴨1-27-5 ＫＭビル301
市田ﾋﾞﾙ301,東京都豊島区北大塚2-11-3 市田ﾋﾞﾙ301
市田ﾋﾞﾙ302,東京都豊島区北大塚2-11-3 市田ﾋﾞﾙ302
市田ﾋﾞﾙ401,東京都豊島区北大塚2-11-3 市田ﾋﾞﾙ401
市田ﾋﾞﾙ402,東京都豊島区北大塚2-11-3 市田ﾋﾞﾙ402
市田ﾋﾞﾙ501,東京都豊島区北大塚2-11-3 市田ﾋﾞﾙ501
市田ﾋﾞﾙ502,東京都豊島区北大塚2-11-3 市田ﾋﾞﾙ502
市田ﾋﾞﾙ601,東京都豊島区北大塚2-11-3 市田ﾋﾞﾙ601
市田ﾋﾞﾙ602,東京都豊島区北大塚2-11-3 市田ﾋﾞﾙ602
市田ﾋﾞﾙ701,東京都豊島区北大塚2-11-3 市田ﾋﾞﾙ701
Doors8-102,東京都豊島区雑司が谷3-19-6 Doors8-102
Doors8-103,東京都豊島区雑司が谷3-19-6 Doors8-103
ｺｺﾐ池袋2F号室,東京都豊島区池袋4-9-11 ｺｺﾐ池袋2F号室
ﾎﾜｲﾄﾊﾟﾚｽｼﾝﾜ503,東京都豊島区南大塚3-35-3 ﾎﾜｲﾄﾊﾟﾚｽｼﾝﾜ503
浜ビル3F,東京都豊島区北大塚3-25-11 浜ビル3F
浜ビル4F,東京都豊島区北大塚3-25-11 浜ビル4F
大塚ｷｬﾘｱﾋﾞﾙ8F,東京都豊島区北大塚2-17-4 大塚ｷｬﾘｱﾋﾞﾙ8F
SAKURAHOUSE2　A,東京都豊島区南大塚3-13-2 SAKURAHOUSE2　A
SAKURAHOUSE2　B,東京都豊島区南大塚3-13-2 SAKURAHOUSE2　B
SAKURAHOUSE2　C,東京都豊島区南大塚3-13-2 SAKURAHOUSE2　C
SAKURAHOUSE2　D,東京都豊島区南大塚3-13-2 SAKURAHOUSE2　D
ｴﾐﾅｽ池袋801,東京都豊島区南池袋2-47-4 ｴﾐﾅｽ池袋801
ガーデン大塚304,東京都豊島区南大塚3-38-14 ガーデン大塚304
URBANAGE高田馬場101,東京都豊島区高田3-2-10 URBANAGE高田馬場101
URBANAGE高田馬場102,東京都豊島区高田3-2-10 URBANAGE高田馬場102
URBANAGE高田馬場201,東京都豊島区高田3-2-10 URBANAGE高田馬場201
URBANAGE高田馬場202,東京都豊島区高田3-2-10 URBANAGE高田馬場202
URBANAGE高田馬場301,東京都豊島区高田3-2-10 URBANAGE高田馬場301
URBANAGE高田馬場302,東京都豊島区高田3-2-10 URBANAGE高田馬場302
URBANAGE高田馬場401,東京都豊島区高田3-2-10 URBANAGE高田馬場401
URBANAGE高田馬場402,東京都豊島区高田3-2-10 URBANAGE高田馬場402
ｻﾁ･ﾍﾞﾙﾏﾝ南大塚第4ﾏﾝｼｮﾝ1001,東京都豊島区南大塚1-38-4 ｻﾁ･ﾍﾞﾙﾏﾝ南大塚第4ﾏﾝｼｮﾝ1001
ｻﾁ･ﾍﾞﾙﾏﾝ南大塚第4ﾏﾝｼｮﾝ1002,東京都豊島区南大塚1-38-4 ｻﾁ･ﾍﾞﾙﾏﾝ南大塚第4ﾏﾝｼｮﾝ1002
ｻﾁ･ﾍﾞﾙﾏﾝ南大塚第4ﾏﾝｼｮﾝ1101,東京都豊島区南大塚1-38-4 ｻﾁ･ﾍﾞﾙﾏﾝ南大塚第4ﾏﾝｼｮﾝ1101
ｻﾁ･ﾍﾞﾙﾏﾝ南大塚第4ﾏﾝｼｮﾝ1102,東京都豊島区南大塚1-38-4 ｻﾁ･ﾍﾞﾙﾏﾝ南大塚第4ﾏﾝｼｮﾝ1102
ｻﾁ･ﾍﾞﾙﾏﾝ南大塚第4ﾏﾝｼｮﾝ701,東京都豊島区南大塚1-38-4 ｻﾁ･ﾍﾞﾙﾏﾝ南大塚第4ﾏﾝｼｮﾝ701
ｻﾁ･ﾍﾞﾙﾏﾝ南大塚第4ﾏﾝｼｮﾝ702,東京都豊島区南大塚1-38-4 ｻﾁ･ﾍﾞﾙﾏﾝ南大塚第4ﾏﾝｼｮﾝ702
ｻﾁ･ﾍﾞﾙﾏﾝ南大塚第4ﾏﾝｼｮﾝ801,東京都豊島区南大塚1-38-4 ｻﾁ･ﾍﾞﾙﾏﾝ南大塚第4ﾏﾝｼｮﾝ801
ｻﾁ･ﾍﾞﾙﾏﾝ南大塚第4ﾏﾝｼｮﾝ802,東京都豊島区南大塚1-38-4 ｻﾁ･ﾍﾞﾙﾏﾝ南大塚第4ﾏﾝｼｮﾝ802
ｻﾁ･ﾍﾞﾙﾏﾝ南大塚第4ﾏﾝｼｮﾝ901,東京都豊島区南大塚1-38-4 ｻﾁ･ﾍﾞﾙﾏﾝ南大塚第4ﾏﾝｼｮﾝ901
ｻﾁ･ﾍﾞﾙﾏﾝ南大塚第4ﾏﾝｼｮﾝ902,東京都豊島区南大塚1-38-4 ｻﾁ･ﾍﾞﾙﾏﾝ南大塚第4ﾏﾝｼｮﾝ902
ｻﾁ南大塚第3ﾏﾝｼｮﾝ503,東京都豊島区南大塚1-39-6 ｻﾁ南大塚第3ﾏﾝｼｮﾝ503
ｻﾁ南大塚第3ﾏﾝｼｮﾝ504,東京都豊島区南大塚1-39-6 ｻﾁ南大塚第3ﾏﾝｼｮﾝ504
ｻﾁ南大塚第3ﾏﾝｼｮﾝ603,東京都豊島区南大塚1-39-6 ｻﾁ南大塚第3ﾏﾝｼｮﾝ603
ｻﾁ南大塚第3ﾏﾝｼｮﾝ604,東京都豊島区南大塚1-39-6 ｻﾁ南大塚第3ﾏﾝｼｮﾝ604
ｻﾁ南大塚第3ﾏﾝｼｮﾝ703,東京都豊島区南大塚1-39-6 ｻﾁ南大塚第3ﾏﾝｼｮﾝ703
ｻﾁ南大塚第3ﾏﾝｼｮﾝ704,東京都豊島区南大塚1-39-6 ｻﾁ南大塚第3ﾏﾝｼｮﾝ704
ｻﾁ南大塚第3ﾏﾝｼｮﾝ803,東京都豊島区南大塚1-39-6 ｻﾁ南大塚第3ﾏﾝｼｮﾝ803
ｻﾁ南大塚第3ﾏﾝｼｮﾝ804,東京都豊島区南大塚1-39-6 ｻﾁ南大塚第3ﾏﾝｼｮﾝ804
ｻﾁ南大塚第3ﾏﾝｼｮﾝ903,東京都豊島区南大塚1-39-6 ｻﾁ南大塚第3ﾏﾝｼｮﾝ903
ｻﾁ南大塚第3ﾏﾝｼｮﾝ904,東京都豊島区南大塚1-39-6 ｻﾁ南大塚第3ﾏﾝｼｮﾝ904
ｻﾝｼｬｲﾝｺｰｹﾝﾌﾟﾗｻﾞ902,東京都豊島区東池袋3-2-4 ｻﾝｼｬｲﾝｺｰｹﾝﾌﾟﾗｻﾞ902
ベイトシャローム702,東京都豊島区駒込2-7-18 ベイトシャローム702
ｻﾝﾗｲｽﾞS201,東京都豊島区長崎4-23-18 ｻﾝﾗｲｽﾞS201
富士荘201,東京都豊島区池袋1-12-15 富士荘201
亜星ﾋﾞﾙ101,東京都豊島区南大塚1-33-12 亜星ﾋﾞﾙ101
亜星ﾋﾞﾙ201,東京都豊島区南大塚1-33-12 亜星ﾋﾞﾙ201
亜星ﾋﾞﾙ301,東京都豊島区南大塚1-33-12 亜星ﾋﾞﾙ301
池袋E3ﾋﾞﾙ2F,東京都豊島区東池袋3-9-2 池袋E3ﾋﾞﾙ2F
白鳥ハイツ303,東京都豊島区池袋2-23-23 白鳥ハイツ303
ｺｰﾎﾟ清和201,東京都豊島区東池袋2-13-3 ｺｰﾎﾟ清和201
YFﾊｳｽ101,東京都豊島区池袋2-26-11 YFﾊｳｽ101
YFﾊｳｽ202,東京都豊島区池袋2-26-11 YFﾊｳｽ202
M130007045,東京都豊島区池袋1-9-8 
M130007188,東京都豊島区長崎1-28-14 2階
M130007191,東京都豊島区長崎1-28-14 3階
ｻﾝｼｬｲﾝｺｰｹﾝﾌﾟﾗｻﾞ404,東京都豊島区東池袋3-2-4 ｻﾝｼｬｲﾝｺｰｹﾝﾌﾟﾗｻﾞ404
ﾛｲﾔﾙｺｰﾄ池袋101,東京都豊島区西池袋2-10-18 ﾛｲﾔﾙｺｰﾄ池袋101
蘭スクエア201,東京都豊島区上池袋3-3-5 蘭スクエア201
蘭スクエア202,東京都豊島区上池袋3-3-5 蘭スクエア202
ガーデン大塚501,東京都豊島区南大塚3-38-14 ガーデン大塚501
ガーデン大塚502,東京都豊島区南大塚3-38-14 ガーデン大塚502
ﾗｲｼﾞﾝｸﾞﾌﾟﾚｲｽ池袋604,東京都豊島区池袋2-16-7 ﾗｲｼﾞﾝｸﾞﾌﾟﾚｲｽ池袋604
松川ﾋﾞﾙ101,東京都豊島区池袋2-66-11 松川ﾋﾞﾙ101
松川ﾋﾞﾙ201,東京都豊島区池袋2-66-11 松川ﾋﾞﾙ201
松川ﾋﾞﾙ301,東京都豊島区池袋2-66-11 松川ﾋﾞﾙ301
南大塚アパート201,東京都豊島区南大塚1-28-9 南大塚アパート201
ｱｰﾊﾞﾝﾌﾟﾚｲｽ池袋V203,東京都豊島区東池袋2-48-1 ｱｰﾊﾞﾝﾌﾟﾚｲｽ池袋V203
ｱｰﾊﾞﾝﾌﾟﾚｲｽ池袋V205,東京都豊島区東池袋2-48-1 ｱｰﾊﾞﾝﾌﾟﾚｲｽ池袋V205
ガーデン大塚203,東京都豊島区南大塚3-38-14 ガーデン大塚203
ガーデン大塚606,東京都豊島区南大塚3-38-14 ガーデン大塚606
ﾌﾟﾗｻﾞ･ﾄﾞｩ･ﾗﾌﾞﾚｱ101,東京都豊島区上池袋3-20-17 ﾌﾟﾗｻﾞ･ﾄﾞｩ･ﾗﾌﾞﾚｱ101
ﾌﾟﾗｻﾞ･ﾄﾞｩ･ﾗﾌﾞﾚｱ102,東京都豊島区上池袋3-20-17 ﾌﾟﾗｻﾞ･ﾄﾞｩ･ﾗﾌﾞﾚｱ102
ベイトシャローム801,東京都豊島区駒込2-7-18 ベイトシャローム801
ﾛｲﾔﾙｺｰﾄ池袋102,東京都豊島区西池袋2-10-18 ﾛｲﾔﾙｺｰﾄ池袋102
ガーデン大塚704,東京都豊島区南大塚3-38-14 ガーデン大塚704
ガーデン大塚705,東京都豊島区南大塚3-38-14 ガーデン大塚705
ガーデン大塚706,東京都豊島区南大塚3-38-14 ガーデン大塚706
白鳥ハイツ306,東京都豊島区池袋2-23-23 白鳥ハイツ306
M130008321,東京都豊島区池袋1-7-21 
ｻﾝｼﾞｮﾙｼﾞｭ101,東京都豊島区南池袋4-14-7 ｻﾝｼﾞｮﾙｼﾞｭ101
ｻﾝｼﾞｮﾙｼﾞｭ201,東京都豊島区南池袋4-14-7 ｻﾝｼﾞｮﾙｼﾞｭ201
ＫＭビル401,東京都豊島区巣鴨1-27-5 ＫＭビル401
ＫＭビル402,東京都豊島区巣鴨1-27-5 ＫＭビル402
ｻﾁ南大塚第3ﾏﾝｼｮﾝ701,東京都豊島区南大塚1-39-6 ｻﾁ南大塚第3ﾏﾝｼｮﾝ701
ｻﾁ南大塚第3ﾏﾝｼｮﾝ702,東京都豊島区南大塚1-39-6 ｻﾁ南大塚第3ﾏﾝｼｮﾝ702
ｻﾁ南大塚第3ﾏﾝｼｮﾝ801,東京都豊島区南大塚1-39-6 ｻﾁ南大塚第3ﾏﾝｼｮﾝ801
ゆたかﾋﾞﾙ302,東京都豊島区南大塚2-40-3 ゆたかﾋﾞﾙ302
ゆたかﾋﾞﾙ402,東京都豊島区南大塚2-40-3 ゆたかﾋﾞﾙ402
ｻﾁ南大塚第3ﾏﾝｼｮﾝ201,東京都豊島区南大塚1-39-6 ｻﾁ南大塚第3ﾏﾝｼｮﾝ201
ｻﾁ南大塚第3ﾏﾝｼｮﾝ202,東京都豊島区南大塚1-39-6 ｻﾁ南大塚第3ﾏﾝｼｮﾝ202
ｻﾁ南大塚第3ﾏﾝｼｮﾝ203,東京都豊島区南大塚1-39-6 ｻﾁ南大塚第3ﾏﾝｼｮﾝ203
ｻﾁ南大塚第3ﾏﾝｼｮﾝ204,東京都豊島区南大塚1-39-6 ｻﾁ南大塚第3ﾏﾝｼｮﾝ204
ｻﾁ南大塚第3ﾏﾝｼｮﾝ602,東京都豊島区南大塚1-39-6 ｻﾁ南大塚第3ﾏﾝｼｮﾝ602
ﾌﾞﾘﾘｱﾝﾄIK-1　402,東京都豊島区池袋本町1-8-6 ﾌﾞﾘﾘｱﾝﾄIK-1　402
ﾌﾞﾘﾘｱﾝﾄIK-1　403,東京都豊島区池袋本町1-8-6 ﾌﾞﾘﾘｱﾝﾄIK-1　403
MANAオーシャン201,東京都豊島区池袋本町2-7-20 MANAオーシャン201
ｻﾁ南大塚第3ﾏﾝｼｮﾝ601,東京都豊島区南大塚1-39-6 ｻﾁ南大塚第3ﾏﾝｼｮﾝ601
山六ﾋﾞﾙ4-B,東京都豊島区南大塚3-52-8 山六ﾋﾞﾙ4-B
M130008698,東京都豊島区池袋3-14-4 1F
M130008700,東京都豊島区池袋3-14-4 2F
AIC池袋301,東京都豊島区池袋2-35-2 AIC池袋301
AIC池袋502,東京都豊島区池袋2-35-2 AIC池袋502
ﾛｲﾔﾙｺｰﾄ池袋302,東京都豊島区西池袋2-10-18 ﾛｲﾔﾙｺｰﾄ池袋302
ｱﾒﾆﾃｨｵｰﾙ101,東京都豊島区上池袋1-17-10 ｱﾒﾆﾃｨｵｰﾙ101
新光池袋第2ｺｰﾎﾟ101,東京都豊島区池袋3-9-9 新光池袋第2ｺｰﾎﾟ101
新光池袋第2ｺｰﾎﾟ102,東京都豊島区池袋3-9-9 新光池袋第2ｺｰﾎﾟ102
コーポ高松201,東京都豊島区南大塚1-57-3 コーポ高松201
コーポ高松202,東京都豊島区南大塚1-57-3 コーポ高松202
コーポ高松301,東京都豊島区南大塚1-57-3 コーポ高松301
AIC池袋501,東京都豊島区池袋2-35-2 AIC池袋501
ガーデン大塚406,東京都豊島区南大塚3-38-14 ガーデン大塚406
ガーデン大塚505,東京都豊島区南大塚3-38-14 ガーデン大塚505
ガーデン大塚506,東京都豊島区南大塚3-38-14 ガーデン大塚506
クレスト池袋202,東京都豊島区池袋3-62-7 クレスト池袋202
クレスト池袋301,東京都豊島区池袋3-62-7 クレスト池袋301
ｻﾁ南大塚第3ﾏﾝｼｮﾝ802,東京都豊島区南大塚1-39-6 ｻﾁ南大塚第3ﾏﾝｼｮﾝ802
ベイトシャローム305,東京都豊島区駒込2-7-18 ベイトシャローム305
稲山ﾋﾞﾙ202,東京都豊島区駒込2-8-3 稲山ﾋﾞﾙ202
稲山ﾋﾞﾙ301,東京都豊島区駒込2-8-3 稲山ﾋﾞﾙ301
ｸﾞﾚｲｽ上池袋101,東京都豊島区上池袋1-6-8 ｸﾞﾚｲｽ上池袋101
ｺｺﾐ池袋4F,東京都豊島区池袋4-9-11 ｺｺﾐ池袋4F
池袋ﾊﾟｰｸﾊｲﾂ902,東京都豊島区東池袋2-60-2 池袋ﾊﾟｰｸﾊｲﾂ902
白鳥ハイツ201,東京都豊島区池袋2-23-23 白鳥ハイツ201
宝来ﾏﾝｼｮﾝ203,東京都豊島区長崎2-15-16 宝来ﾏﾝｼｮﾝ203
ｴﾐﾅｽ池袋502,東京都豊島区南池袋2-47-4 ｴﾐﾅｽ池袋502
ﾛｲﾔﾙｺｰﾄ池袋304,東京都豊島区西池袋2-10-18 ﾛｲﾔﾙｺｰﾄ池袋304
南大塚第4ﾏﾝｼｮﾝ201,東京都豊島区南大塚1-38-4 南大塚第4ﾏﾝｼｮﾝ201
G&W駒込101,東京都豊島区駒込3-4-8 G&W駒込101
G&W駒込102,東京都豊島区駒込3-4-8 G&W駒込102
G&W駒込103,東京都豊島区駒込3-4-8 G&W駒込103
G&W駒込104,東京都豊島区駒込3-4-8 G&W駒込104
G&W駒込105,東京都豊島区駒込3-4-8 G&W駒込105
キャステイア椎名町102,東京都豊島区長崎1-22-7 キャステイア椎名町102
ドルム池袋102,東京都豊島区池袋3-28-10 ドルム池袋102
白鳥ハイツ208,東京都豊島区池袋2-23-23 白鳥ハイツ208
ﾒｿﾞﾝ長崎Ⅴ201,東京都豊島区長崎4-16-9 ﾒｿﾞﾝ長崎Ⅴ201
ガーデン大塚205,東京都豊島区南大塚3-38-14 ガーデン大塚205
ガーデン大塚405,東京都豊島区南大塚3-38-14 ガーデン大塚405
金山ﾋﾞﾙ2F,東京都豊島区池袋4-24-1 金山ﾋﾞﾙ2F
金山ﾋﾞﾙ3F,東京都豊島区池袋4-24-1 金山ﾋﾞﾙ3F
ｻﾁ･ﾍﾞﾙﾏﾝ南大塚第4ﾏﾝｼｮﾝ301,東京都豊島区南大塚1-38-4 ｻﾁ･ﾍﾞﾙﾏﾝ南大塚第4ﾏﾝｼｮﾝ301
ｻﾁ･ﾍﾞﾙﾏﾝ南大塚第4ﾏﾝｼｮﾝ302,東京都豊島区南大塚1-38-4 ｻﾁ･ﾍﾞﾙﾏﾝ南大塚第4ﾏﾝｼｮﾝ302
ｻﾁ･ﾍﾞﾙﾏﾝ南大塚第4ﾏﾝｼｮﾝ501,東京都豊島区南大塚1-38-4 ｻﾁ･ﾍﾞﾙﾏﾝ南大塚第4ﾏﾝｼｮﾝ501
ｻﾁ･ﾍﾞﾙﾏﾝ南大塚第4ﾏﾝｼｮﾝ502,東京都豊島区南大塚1-38-4 ｻﾁ･ﾍﾞﾙﾏﾝ南大塚第4ﾏﾝｼｮﾝ502
ｻﾁ･ﾍﾞﾙﾏﾝ南大塚第4ﾏﾝｼｮﾝ601,東京都豊島区南大塚1-38-4 ｻﾁ･ﾍﾞﾙﾏﾝ南大塚第4ﾏﾝｼｮﾝ601
ｻﾁ･ﾍﾞﾙﾏﾝ南大塚第4ﾏﾝｼｮﾝ602,東京都豊島区南大塚1-38-4 ｻﾁ･ﾍﾞﾙﾏﾝ南大塚第4ﾏﾝｼｮﾝ602
ｻﾁ南大塚第3ﾏﾝｼｮﾝ301,東京都豊島区南大塚1-39-6 ｻﾁ南大塚第3ﾏﾝｼｮﾝ301
ｻﾁ南大塚第3ﾏﾝｼｮﾝ302,東京都豊島区南大塚1-39-6 ｻﾁ南大塚第3ﾏﾝｼｮﾝ302
ｻﾁ南大塚第3ﾏﾝｼｮﾝ303,東京都豊島区南大塚1-39-6 ｻﾁ南大塚第3ﾏﾝｼｮﾝ303
ｻﾁ南大塚第3ﾏﾝｼｮﾝ304,東京都豊島区南大塚1-39-6 ｻﾁ南大塚第3ﾏﾝｼｮﾝ304
ｻﾁ南大塚第3ﾏﾝｼｮﾝ401,東京都豊島区南大塚1-39-6 ｻﾁ南大塚第3ﾏﾝｼｮﾝ401
ｻﾁ南大塚第3ﾏﾝｼｮﾝ402,東京都豊島区南大塚1-39-6 ｻﾁ南大塚第3ﾏﾝｼｮﾝ402
ｻﾁ南大塚第3ﾏﾝｼｮﾝ403,東京都豊島区南大塚1-39-6 ｻﾁ南大塚第3ﾏﾝｼｮﾝ403
ｻﾁ南大塚第3ﾏﾝｼｮﾝ404,東京都豊島区南大塚1-39-6 ｻﾁ南大塚第3ﾏﾝｼｮﾝ404
ｻﾁ南大塚第3ﾏﾝｼｮﾝ501,東京都豊島区南大塚1-39-6 ｻﾁ南大塚第3ﾏﾝｼｮﾝ501
ｻﾁ南大塚第3ﾏﾝｼｮﾝ502,東京都豊島区南大塚1-39-6 ｻﾁ南大塚第3ﾏﾝｼｮﾝ502
ｻﾁ南大塚第3ﾏﾝｼｮﾝ901,東京都豊島区南大塚1-39-6 ｻﾁ南大塚第3ﾏﾝｼｮﾝ901
ｻﾁ南大塚第3ﾏﾝｼｮﾝ902,東京都豊島区南大塚1-39-6 ｻﾁ南大塚第3ﾏﾝｼｮﾝ902
ﾗｲﾌﾞﾘｰ池袋305,東京都豊島区池袋4-17-7 ﾗｲﾌﾞﾘｰ池袋305
ｸﾞﾗﾝﾒｿﾞﾝTJ201,東京都豊島区池袋1-16-18 ｸﾞﾗﾝﾒｿﾞﾝTJ201
東京日記101,東京都豊島区東池袋2-5-1 東京日記101
東京日記103,東京都豊島区東池袋2-5-1 東京日記103
目白A&Cﾋﾞﾙ2F,東京都豊島区雑司が谷2-4-1 目白A&Cﾋﾞﾙ2F
パワー大塚201,東京都豊島区北大塚2-11-10 パワー大塚201
パワー大塚202,東京都豊島区北大塚2-11-10 パワー大塚202
パワー大塚203,東京都豊島区北大塚2-11-10 パワー大塚203
パワー大塚205,東京都豊島区北大塚2-11-10 パワー大塚205
パワー大塚301,東京都豊島区北大塚2-11-10 パワー大塚301
パワー大塚302,東京都豊島区北大塚2-11-10 パワー大塚302
パワー大塚303,東京都豊島区北大塚2-11-10 パワー大塚303
パワー大塚305,東京都豊島区北大塚2-11-10 パワー大塚305
パワー大塚401,東京都豊島区北大塚2-11-10 パワー大塚401
パワー大塚402,東京都豊島区北大塚2-11-10 パワー大塚402
パワー大塚403,東京都豊島区北大塚2-11-10 パワー大塚403
パワー大塚405,東京都豊島区北大塚2-11-10 パワー大塚405
岡部ビル101,東京都豊島区池袋4-27-8 岡部ビル101
岡部ビル201,東京都豊島区池袋4-27-8 岡部ビル201
ｴﾇｴｽｹﾞｰﾄ池袋107,東京都豊島区池袋1-12-13 ｴﾇｴｽｹﾞｰﾄ池袋107
APILA3F,東京都豊島区要町1-20-8 APILA3F
APILA3F,東京都豊島区要町1-20-8 APILA3F
SN HOUSE,東京都豊島区東池袋5-48-15 SN HOUSE
S･APMP C,東京都豊島区巣鴨5-10-3 S･APMP C
CHO TOKUHEIハウス,東京都豊島区北大塚2-22-4 CHO TOKUHEIハウス
KOTOWASO A,東京都豊島区西巣鴨2-5-23 KOTOWASO A
KOTOWASO B,東京都豊島区西巣鴨2-5-23 KOTOWASO B
S･APMT A,東京都豊島区巣鴨5-10-3 S･APMT A
S･APMT B,東京都豊島区巣鴨5-10-3 S･APMT B
Ikebukuro NigoHouse,東京都豊島区上池袋3-1-19 Ikebukuro NigoHouse
Ikebukuro House,東京都豊島区上池袋3-1-19 Ikebukuro House
SEPIA IkebukuroⅡ501,東京都豊島区池袋2-55-12 SEPIA IkebukuroⅡ501
SEPIA IkebukuroⅡ505,東京都豊島区池袋2-55-12 SEPIA IkebukuroⅡ505
SEPIA IkebukuroⅡ602,東京都豊島区池袋2-55-12 SEPIA IkebukuroⅡ602
SEPIA IkebukuroⅡ606,東京都豊島区池袋2-55-12 SEPIA IkebukuroⅡ606
SEPIA IkebukuroⅡ704,東京都豊島区池袋2-55-12 SEPIA IkebukuroⅡ704
SEPIA IkebukuroⅡ802,東京都豊島区池袋2-55-12 SEPIA IkebukuroⅡ802
SEPIA IkebukuroⅡ803,東京都豊島区池袋2-55-12 SEPIA IkebukuroⅡ803
SEPIA IkebukuroⅡ902,東京都豊島区池袋2-55-12 SEPIA IkebukuroⅡ902
SEPIA IkebukuroⅡ904,東京都豊島区池袋2-55-12 SEPIA IkebukuroⅡ904
ｳｴｽﾄｲﾝﾊﾟｰﾄ18 102,東京都豊島区駒込1-30-8 ｳｴｽﾄｲﾝﾊﾟｰﾄ18 102
ｳｴｽﾄｲﾝﾊﾟｰﾄ18 404,東京都豊島区駒込1-30-8 ｳｴｽﾄｲﾝﾊﾟｰﾄ18 404
ｳｴｽﾄｲﾝﾊﾟｰﾄ18 405,東京都豊島区駒込1-30-8 ｳｴｽﾄｲﾝﾊﾟｰﾄ18 405
ｳｴｽﾄｲﾝﾊﾟｰﾄ18 501,東京都豊島区駒込1-30-8 ｳｴｽﾄｲﾝﾊﾟｰﾄ18 501
M130000048,東京都豊島区南池袋3-11-1 
M130000141,東京都豊島区高松2-47-5 
M130000166,東京都豊島区目白4-19-22 
M130000242,東京都豊島区西池袋2-8-5 
M130000512,東京都豊島区千川2-11-17 
M130000513,東京都豊島区千早4-10-10 
M130000939,東京都豊島区長崎1-17-15 
M130000942,東京都豊島区長崎1-17-15 
M130000947,東京都豊島区池袋本町2-2-15 
M130000979,東京都豊島区池袋本町2-35-1 
M130000980,東京都豊島区東池袋2-2-14 
M130001001,東京都豊島区南大塚2-21-2 
M130001025,東京都豊島区千早1-29-1 
M130001080,東京都豊島区池袋本町4-49-4 
M130001470,東京都豊島区東池袋5-42-7 
M130001948,東京都豊島区巣鴨5-35-30 
M130002128,東京都豊島区巣鴨4-43-7 
M130002216,東京都豊島区西池袋3-17-14 
M130002217,東京都豊島区西池袋5-27-8 
M130002218,東京都豊島区池袋本町2-19-8 
M130002219,東京都豊島区西池袋5-27-7 
M130002220,東京都豊島区西池袋5-27-7 
M130002282,東京都豊島区池袋4-12-20 
M130002284,東京都豊島区西池袋4-6-8 
M130002285,東京都豊島区池袋3-43-14 
M130002464,東京都豊島区目白5-27-15 
M130002476,東京都豊島区長崎4-30-14 
M130002481,東京都豊島区池袋3-42-10 
M130002552,東京都豊島区駒込6-19-19 
M130002614,東京都豊島区高松2-14-20 
M130002733,東京都豊島区巣鴨4-5-17 
M130002748,東京都豊島区高松2-18-9 
M130002892,東京都豊島区上池袋4-33-23 
M130002936,東京都豊島区池袋本町4-17-2 
M130003046,東京都豊島区千早2-17-1 
M130003047,東京都豊島区西池袋5-26-23 
M130003082,東京都豊島区池袋4-12-18 
M130003146,東京都豊島区巣鴨3-14-17 
M130003199,東京都豊島区東池袋2-36-11 
M130003251,東京都豊島区東池袋5-21-2 
M130003254,東京都豊島区巣鴨4-13-18 
M130003369,東京都豊島区千早1-14-18 
M130003401,東京都豊島区上池袋3-7-5 
M130003738,東京都豊島区池袋4-12-12 
M130003954,東京都豊島区雑司が谷1-29-9 
M130003992,東京都豊島区高松2-8-2 
M130004166,東京都豊島区西巣鴨3-22-3 
M130004188,東京都豊島区西池袋2-28-10 
M130004493,東京都豊島区西池袋2-28-9 
M130004753,東京都豊島区東池袋3-11-3 
M130004755,東京都豊島区南長崎4-39-2 
M130004761,東京都豊島区南長崎3-13-6 
M130004993,東京都豊島区西池袋2-29-5 
M130005000,東京都豊島区西池袋5-11-8 
M130005043,東京都豊島区上池袋3-44-3 
M130005291,東京都豊島区長崎1-26-17 
M130005465,東京都豊島区上池袋4-34-3 
M130005504,東京都豊島区池袋本町1-37-13 
M130005552,東京都豊島区巣鴨1-3-23 
M130005908,東京都豊島区池袋4-13-4 
M130005969,東京都豊島区西池袋2-34-5 
M130006090,東京都豊島区南大塚3-20-5 
M130006120,東京都豊島区北大塚3-26-2 
M130006202,東京都豊島区西池袋5-26-24 
M130006348,東京都豊島区池袋3-63-3 
M130006491,東京都豊島区上池袋1-17-5 
M130006495,東京都豊島区長崎2-27-9 
M130006730,東京都豊島区要町3-30-5 
M130006742,東京都豊島区池袋3-67-18 
M130007326,東京都豊島区南池袋4-4-5 
M130007814,東京都豊島区長崎1-22-16 
M130008134,東京都豊島区長崎6-37-12 
M130008170,東京都豊島区長崎4-33-14 
M130008209,東京都豊島区南大塚1-14-13 
M130008591,東京都豊島区巣鴨5-25-15 
M130008613,東京都豊島区西池袋4-6-9 
M130008755,東京都豊島区池袋本町1-37-10 
M130008790,東京都豊島区長崎1-21-6 
M130008804,東京都豊島区池袋3-68-5 
M130009085,東京都豊島区池袋本町1-46-7 
M130009255,東京都豊島区千早3-24-3 
M130009300,東京都豊島区南大塚1-46-3 
M130009850,東京都豊島区巣鴨4-23-10 
M130009908,東京都豊島区千早1-29-2 
M130009992,東京都豊島区池袋本町1-39-3 
M130010033,東京都豊島区南大塚1-24-6 
M130010346,東京都豊島区池袋3-26-9 
M130010690,東京都豊島区上池袋3-5-4 
M130010755,東京都豊島区西池袋4-11-16 
M130011341,東京都豊島区池袋3-8-16 
M130011342,東京都豊島区上池袋3-4-2 