M130002187,千代田区神田紺屋町４３番地２ 紺屋町共同ビル,
M130002610,千代田区神田須田町２－２－１３向山ビルベルメゾン神田 901,
M130002771,千代田区神田和泉町１－３－６ エンドウビル３Ｆ・４Ｆ,
M130002888,千代田区神田須田町２－９－５ 柴田第１ビル 402,03-3527-1871
M130002889,千代田区神田須田町２－９－５ 柴田第１ビル 503,03-3527-1871
M130002890,千代田区神田須田町２－９－５ 柴田第１ビル 505,03-3527-1871
M130004395,千代田区有楽町１－３－８ かどやビル　４Ｆ,03-3546-9168
M130004728,千代田区神田須田町２－９－５ 柴田第１ビル 303,03-3527-1871
M130006250,千代田区神田東松下町１１－６,03-5549-2442
M130007991,千代田区東神田３－２－１ パリセイド東神田902,080-4630-5817
M130009502,千代田区東神田３－２－１ パリセイド東神田702,080-4630-5817
M130009503,千代田区東神田３－２－１ パリセイド東神田502,080-4630-5817
M130009504,千代田区東神田３－２－１ パリセイド東神田501,080-4630-5817
M130009512,千代田区東神田３－２－１ パリセイド東神田402,080-4630-5817
M130009513,千代田区東神田３－２－１ パリセイド東神田201,080-4630-5817
M130011071,千代田区神田和泉町１－１－８ 小林ビル４階,
