M130000008,東京都江戸川区北小岩2-20-4
M130000012,東京都江戸川区西葛西6-27-14
M130000112,東京都江戸川区中葛西6-14-4
M130000295,東京都江戸川区中葛西1-1-15
M130000296,東京都江戸川区南小岩6-23-5
M130000332,東京都江戸川区北葛西5-19-21
M130000336,東京都江戸川区北小岩4-15-20
M130000813,東京都江戸川区大杉3-22-15
M130000936,東京都江戸川区西小岩4-11-9
M130000985,東京都江戸川区平井4-26-7
M130000994,東京都江戸川区西葛西3-2-9　ASPBLDG２F
M130001106,東京都江戸川区上篠崎4-16-11
M130001178,東京都江戸川区南小岩6-9-5
M130001567,東京都江戸川区篠崎町6-22-2
M130001855,東京都江戸川区西葛西3-2-9　ASPBLDG4F
M130001856,東京都江戸川区平井6-7-19　勝生荘
M130002189,東京都江戸川区本一色3-18-9
M130002463,東京都江戸川区北小岩4-38-16クワトロ北小岩
M130002473,東京都江戸川区北小岩6-11-13リッツコーポ202
M130002475,東京都江戸川区北小岩6-11-13リッツコーポ203
M130002477,東京都江戸川区北小岩6-11-13リッツコーポ303
M130002478,東京都江戸川区北小岩6-11-13リッツコーポ402
M130002479,東京都江戸川区北小岩6-11-13リッツコーポ403
M130002509,東京都江戸川区西葛西5-12-1フジマンション第三201
M130002513,東京都江戸川区西葛西5-12-1フジマンション第三207
M130002739,東京都江戸川区瑞江3-3-4
M130003437,東京都江戸川区中葛西5-26-4
M130003439,東京都江戸川区一之江2-6-1 301
M130003632,東京都江戸川区西葛西6-19-18コーポラスエノモト103
M130004258,東京都江戸川区西葛西1-9-20
M130004284,東京都江戸川区平井4-6-3グランテスタ304・305
M130004397,東京都江戸川区平井4-14-6 春満庭
M130004973,東京都江戸川区南小岩8-16-17
M130005042,東京都江戸川区平井5-45-1
M130005455,東京都江戸川区西葛西3-18-6ダイシンレジデンス103
M130005457,東京都江戸川区西瑞江4-26-14
M130005528,東京都江戸川区平井3-19-21恵荘102
M130005531,東京都江戸川区平井3-19-21恵荘103
M130005757,東京都江戸川区南小岩7-40-26
M130005839,東京都江戸川区北小岩6-1-4ラ・シャルール北小岩301
M130005843,東京都江戸川区北小岩6-1-4ラ・シャルール北小岩501
M130005845,東京都江戸川区北小岩6-1-4ラ・シャルール北小岩502
M130005847,東京都江戸川区北小岩6-1-4ラ・シャルール北小岩602
M130005848,東京都江戸川区北小岩6-1-4ラ・シャルール北小岩701
M130005849,東京都江戸川区北小岩6-1-4ラ・シャルール北小岩702
M130005850,東京都江戸川区北小岩6-1-4ラ・シャルール北小岩802
M130005851,東京都江戸川区北小岩6-1-4ラ・シャルール北小岩902
M130005952,東京都江戸川区北小岩6-1-4ラ・シャルール北小岩1001
M130006317,東京都江戸川区平井3-19-21恵荘101
M130006585,東京都江戸川区平井5-33-3キングズフラット301
M130006586,東京都江戸川区平井5-33-3キングズフラット302
M130006770,東京都江戸川区中葛西5-32-12F-city中葛西202
M130006772,東京都江戸川区中葛西5-32-12F-city中葛西203
M130006774,東京都江戸川区中葛西5-32-12F-city中葛西302
M130006971,東京都江戸川区中葛西1-33-7
M130007023,東京都江戸川区南小岩8-8-5レオ小岩101
M130007024,東京都江戸川区南小岩8-8-5レオ小岩203
M130007241,東京都江戸川区東小岩2-11-5
M130007292,東京都江戸川区平井4-29-12プリズムコート平井403
M130007293,東京都江戸川区平井4-29-12プリズムコート平井503
M130007295,東京都江戸川区平井4-29-12プリズムコート平井604
M130007296,東京都江戸川区平井4-29-12プリズムコート平井603
M130007297,東京都江戸川区平井4-29-12プリズムコート平井701
M130007298,東京都江戸川区平井4-29-12プリズムコート平井801
M130007434,東京都江戸川区一之江2-6-1 201
M130008083,東京都江戸川区一之江6-1-3メゾンメダス202
M130008754,東京都江戸川区南小岩6-9-5
M130008998,東京都江戸川区北小岩6-26-9
M130009415,東京都江戸川区西葛西3-3-17カルムイン西葛西
M130009730,東京都江戸川区北小岩6-2-5FOURSANZビル501
M130009781,東京都江戸川区中央3-15-6
M130009843,東京都江戸川区南小岩7-14-11
M130009846,東京都江戸川区東瑞江1-11-7
M130010328,東京都江戸川区中葛西5-28-4中葛西ハイツ5F
M130010920,東京都江戸川区中葛西5-9-18
M130011246,東京都江戸川区北小岩2-21-5イーストハウス101
M130011247,東京都江戸川区北小岩2-21-5イーストハウス102
M130011248,東京都江戸川区北小岩2-21-5イーストハウス103
M130011249,東京都江戸川区北小岩2-21-5イーストハウス201
M130011250,東京都江戸川区北小岩2-21-5イーストハウス202
M130011252,東京都江戸川区北小岩2-21-5イーストハウス203
M130011253,東京都江戸川区北小岩2-21-5イーストハウス301
M130011256,東京都江戸川区北小岩2-21-5イーストハウス302
M130011258,東京都江戸川区北小岩2-21-5イーストハウス303
M130011362,東京都江戸川区平井5-38-5ラフィット平井101
M130011363,東京都江戸川区平井5-38-5ラフィット平井203
M130011364,東京都江戸川区平井5-38-5ラフィット平井301
M130011365,東京都江戸川区平井5-38-5ラフィット平井302
M130011460,東京都江戸川区南葛西4-18-21テラスノーブル401
M130011607,東京都江戸川区北小岩6-24-2
M130011613,東京都江戸川区東葛西4-43-5
