M270000017,大阪府大阪市東住吉区照ヶ丘矢田2-6-16 1F 
M270000060,大阪府大阪市東住吉区照ヶ丘矢田2-6-16 2,3F
M270000095,大阪府大阪市中央区本町橋８－５ 
M270000097,大阪府大阪市平野区喜連6－1－6 
M270000125,大阪府大阪市城東区中浜2-6-6 
M270000154,大阪府大阪市都島区毛馬町1-13-1 
M270000172,大阪府大阪市住吉区長居西2-9-7 
M270000179,大阪府大阪市住之江区御崎7-9-13 
M270000215,大阪府大阪市城東区永田4-2-3 
M270000248,大阪府大阪市浪速区立葉2-2-3 
M270000331,大阪府大阪市港区八幡屋3-15-19 
M270000355,大阪府大阪市大正区泉尾1-19-10 
M270000377,大阪府大阪市西区江之子島1-7-24　アウトバーンGK1003号室 
M270000378,大阪府大阪市西区江之子島1-7-24　アウトバーンGK306号室 
M270000379,大阪府大阪市天王寺区上本町8-1-8川口ビル301 
M270000380,大阪府大阪市都島区中野町4-5-6 
M270000383,大阪府大阪市浪速区敷津西２－１－３３渚マンション2F 
M270000414,大阪府大阪市東淀川区東中島4-5-9 
M270000462,大阪府大阪市東成区大今里西2-1-31エグゼ大阪城東403 
M270000584,大阪府大阪市西区九条南1-5-15 
M270000688,大阪府大阪市浪速区元町2-6-30　トレジャープレイス101 
M270000689,大阪府大阪市浪速区元町2-6-30　トレジャープレイス301 
M270000908,大阪府大阪市浪速区戎本町2-6-20 
M270000949,大阪府大阪市旭区高殿4-22-33　マンションSGI京街道401 
M270000950,大阪府大阪市旭区高殿4-22-33　マンションSGI京街道402 
M270000967,大阪府大阪市生野区小路東4-16-18 
M270000968,大阪府大阪市東成区中道4-4-24 
M270000969,大阪府大阪市生野区小路東2-20-14 
M270001198,大阪府大阪市東成区大今里2-32-24 
M270001350,大阪府大阪市西成区旭１－１１－２６ 
M270001356,大阪府大阪市住吉区長居東1-7-34長居公園ハウス604 
M270001403,大阪府大阪市住之江区浜口東1－1－87 
M270001404,大阪府大阪市住之江区浜口東1－1－87 
M270001501,大阪府大阪市東成区大今里2-33-4 
M270001671,大阪府大阪市港区築港2-7-33Universal Bay201号室 
M270001674,大阪府大阪市港区築港2-7-33Universal Bay202号室 
M270001676,大阪府大阪市港区築港2-7-33Universal Bay203号室 
M270001678,大阪府大阪市港区築港2-7-33Universal Bay204号室 
M270001680,大阪府大阪市港区築港2-7-33Universal Bay205号室 
M270001682,大阪府大阪市港区築港2-7-33Universal Bay206号室 
M270001684,大阪府大阪市港区築港2-7-33Universal Bay207号室 
M270001687,大阪府大阪市港区築港2-7-33Universal Bay208号室 
M270001689,大阪府大阪市港区築港2-7-33Universal Bay301号室 
M270001690,大阪府大阪市港区築港2-7-33Universal Bay302号室 
M270001691,大阪府大阪市港区築港2-7-33Universal Bay303号室 
M270001692,大阪府大阪市港区築港2-7-33Universal Bay304号室 
M270001693,大阪府大阪市港区築港2-7-33Universal Bay305号室 
M270001695,大阪府大阪市港区築港2-7-33Universal Bay306号室 
M270001699,大阪府大阪市港区築港2-7-33Universal Bay307号室 
M270001701,大阪府大阪市港区築港2-7-33Universal Bay308号室 
M270001775,大阪府大阪市福島区海老江2－5－2 
M270001849,大阪府大阪市都島区片町1-7-25リノ天満橋403 
M270001850,大阪府大阪市都島区片町1-7-25リノ天満橋502 
M270001991,大阪府大阪市北区野崎町１－２６ 
M270002006,大阪府大阪市福島区福島1-2-17meetMe梅田西701号室 
M270002008,大阪府大阪市福島区福島1-2-17meetMe梅田西202号室 
M270002011,大阪府大阪市福島区福島1-2-17meetMe梅田西801号室 
M270002012,大阪府大阪市福島区福島1-2-17meetMe梅田西301号室 
M270002013,大阪府大阪市福島区福島1-2-17meetMe梅田西901号室 
M270002014,大阪府大阪市福島区福島1-2-17meetMe梅田西401号室 
M270002016,大阪府大阪市福島区福島1-2-17meetMe梅田西303号室 
M270002017,大阪府大阪市福島区福島1-2-17meetMe梅田西201号室 
M270002018,大阪府大阪市福島区福島1-2-17meetMe梅田西501号室 
M270002019,大阪府大阪市旭区高殿4-20-3 
M270002021,大阪府大阪市福島区福島1-2-17meetMe梅田西403号室 
M270002022,大阪府大阪市福島区福島1-2-17meetMe梅田西802号室 
M270002023,大阪府大阪市福島区福島1-2-17meetMe梅田西203号室 
M270002025,大阪府大阪市福島区福島1-2-17meetMe梅田西503号室 
M270002026,大阪府大阪市福島区福島1-2-17meetMe梅田西702号室 
M270002027,大阪府大阪市福島区福島1-2-17meetMe梅田西502号室 
M270002028,大阪府大阪市北区大淀中３－４－７ 
M270002029,大阪府大阪市福島区福島1-2-17meetMe梅田西902号室 
M270002031,大阪府大阪市福島区福島1-2-17meetMe梅田西603号室 
M270002034,大阪府大阪市福島区福島1-2-17meetMe梅田西803号室 
M270002035,大阪府大阪市福島区福島1-2-17meetMe梅田西703号室 
M270002036,大阪府大阪市福島区福島1-2-17meetMe梅田西402号室 
M270002037,大阪府大阪市福島区福島1-2-17meetMe梅田西302号室 
M270002038,大阪府大阪市西成区花園南1-6-11 
M270002039,大阪府大阪市生野区生野西4-22-18 
M270002043,大阪府大阪市住之江区浜口西2－3－13　メゾンカルレ26　205/303.305.402.403号室 
M270002044,大阪府大阪市淀川区新北野2-9-5 
M270002051,大阪府大阪市住之江区北加賀屋5-5-32　部屋１ 
M270002052,大阪府大阪市東淀川区豊新1-18-17 ハイツ順203 
M270002053,大阪府大阪市東淀川区豊新1-18-17 ハイツ順303 
M270002054,大阪府大阪市東淀川区豊新1-18-17 ハイツ順201 
M270002055,大阪府大阪市東淀川区豊新1-18-17 ハイツ順301 
M270002056,大阪府大阪市淀川区東三国5-1-8　102 
M270002057,大阪府大阪市淀川区東三国5-13-32　101 
M270002058,大阪府大阪市浪速区難波中２－４－２　スペース難波４０６号室 
M270002059,大阪府大阪市浪速区難波中２－４－２　スペース難波５０２号室 
M270002060,大阪府大阪市浪速区難波中２－４－２　スペース難波６０２号室 
M270002061,大阪府大阪市浪速区難波中２－４－２　スペース難波６０６号室 
M270002062,大阪府大阪市浪速区難波中２－４－２　スペース難波７０３号室 
M270002205,大阪府大阪市北区天満3-4-8-504 
M270002207,大阪府大阪市北区天満3-4-8-601 
M270002211,大阪府大阪市北区大淀中２-６-１３ 
M270002213,大阪府大阪市阿倍野区阿倍野筋４-１３-７ 
M270002355,大阪府大阪市北区中崎２－２－２７ティーアンドエスビル２０１ 
M270002356,大阪府大阪市北区中崎２－２－２７ティーアンドエスビル２０３ 
M270002358,大阪府大阪市北区中崎２－２－２７ティーアンドエスビル３０１ 
M270002360,大阪府大阪市北区中崎２－２－２７ティーアンドエスビル３０２ 
M270002363,大阪府大阪市北区中崎２－２－２７ティーアンドエスビル３０３ 
M270002366,大阪府大阪市北区中崎２－２－２７ティーアンドエスビル３０４ 
M270002369,大阪府大阪市北区中崎２－２－２７ティーアンドエスビル４０１ 
M270002370,大阪府大阪市北区中崎２－２－２７ティーアンドエスビル４０２ 
M270002372,大阪府大阪市北区中崎２－２－２７ティーアンドエスビル４０３ 
M270002374,大阪府大阪市北区中崎２－２－２７ティーアンドエスビル４０４ 
M270002376,大阪府大阪市北区中崎２－２－２７ティーアンドエスビル５０１ 
M270002378,大阪府大阪市北区中崎２－２－２７ティーアンドエスビル５０２ 
M270002380,大阪府大阪市北区中崎２－２－２７ティーアンドエスビル５０３ 
M270002381,大阪府大阪市北区中崎２－２－２７ティーアンドエスビル５０４ 
M270002573,大阪府大阪市天王寺区下寺町２－３－１３ 
M270002587,大阪府大阪市西成区天下茶屋３?２７?５ マンションサンパレス 2A 
M270002589,大阪府大阪市西成区天下茶屋３?２７?５ マンションサンパレス 3A 
M270002590,大阪府大阪市西成区天下茶屋３?２７?５ マンションサンパレス 3B 
M270002591,大阪府大阪市西成区天下茶屋３?２７?５ マンションサンパレス 3C 
M270002592,大阪府大阪市西成区天下茶屋３?２７?５ マンションサンパレス 3D 
M270002593,大阪府大阪市西成区鶴見橋１－９－２３ ＴＳＵＲＵ　ＨＯＵＳＥ 
M270002595,大阪府大阪市西成区梅南１－３－２１ 
M270002596,大阪府大阪市西区新町3－10－21　アーバンプラザ　6004 
M270002597,大阪府大阪市西区新町3－10－21　アーバンプラザ　5004 
M270002598,大阪府大阪市西区新町3－10－21　アーバンプラザ　4005 
M270002599,大阪府大阪市西区新町3－10－21　アーバンプラザ　4001 
M270002698,大阪府大阪市浪速区大国１－２－６　カーサ・アミ403 
M270002898,大阪府大阪市西成区天下茶屋２ー２０ー１４ エステート吉田 208 
M270002899,大阪府大阪市西成区天下茶屋２ー２０ー１４ エステート吉田 301 
M270002900,大阪府大阪市西成区天下茶屋２ー２０ー１４ エステート吉田 403 
M270002901,大阪府大阪市西成区天下茶屋２ー２０?１４ エステート吉田 405 
M270002902,大阪府大阪市西成区天下茶屋２ー２０ー１４ エステート吉田 406 
M270002903,大阪府大阪市西成区天下茶屋２ー２０?１４ エステート吉田 408 
M270002933,大阪府大阪市北区中津4-7-3ダイハンビル3-1,3-2,4-1,4-2,5-1 
M270003026,大阪府大阪市生野区勝山北1-20-17　黒田邸1階 
M270003126,大阪府大阪市阿倍野区阿倍野筋5-8-47 
M270003151,大阪府大阪市西区千代崎１－２４－８ ラフォーレ千代崎 201 
M270003152,大阪府大阪市西区千代崎１－２４－８ ラフォーレ千代崎 301 
M270003153,大阪府大阪市西区千代崎１－２４－８ ラフォーレ千代崎 303 
M270003154,大阪府大阪市西区千代崎１－２４－８ ラフォーレ千代崎 203 
M270003155,大阪府大阪市西区千代崎１－２４－８ ラフォーレ千代崎 304 
M270003156,大阪府大阪市西区千代崎１－２４－８ ラフォーレ千代崎 401 
M270003157,大阪府大阪市西区千代崎１－２４－８ ラフォーレ千代崎 403 
M270003158,大阪府大阪市西区千代崎１－２４－８ ラフォーレ千代崎 404 
M270003159,大阪府大阪市西区千代崎１－２４－８ ラフォーレ千代崎 501 
M270003160,大阪府大阪市西区千代崎１－２４－８ ラフォーレ千代崎 503 
M270003161,大阪府大阪市西区千代崎１－２４－８ ラフォーレ千代崎 504 
M270003162,大阪府大阪市西区千代崎１－２４－８ ラフォーレ千代崎 603 
M270003163,大阪府大阪市西区千代崎１－２４－８ ラフォーレ千代崎 604 
M270003164,大阪府大阪市西区千代崎１－２４－８ ラフォーレ千代崎 701 
M270003165,大阪府大阪市西区千代崎１－２４－８ ラフォーレ千代崎 703 
M270003166,大阪府大阪市西区千代崎１－２４－８ ラフォーレ千代崎 704 
M270003167,大阪府大阪市西区千代崎１－２４－８ ラフォーレ千代崎 801 
M270003168,大阪府大阪市西区千代崎１－２４－８ ラフォーレ千代崎 803 
M270003169,大阪府大阪市西区千代崎１－２４－８ ラフォーレ千代崎 804 
M270003170,大阪府大阪市西区千代崎１－２４－８ ラフォーレ千代崎 901 
M270003171,大阪府大阪市西区千代崎１－２４－８ ラフォーレ千代崎 903 
M270003172,大阪府大阪市西区千代崎１－２４－８ ラフォーレ千代崎 904 
M270003174,大阪府大阪市西区千代崎１－２４－８ ラフォーレ千代崎 601 
M270003179,大阪府大阪市住之江区北加賀屋5-8-57　新一ビル　101 
M270003180,大阪府大阪市住之江区北加賀屋5-8-57　新一ビル　302 
M270003186,大阪府大阪市平野区加美鞍作1－7－22 
M270003192,大阪府大阪市東住吉区東田辺3－5－2 
M270003226,大阪府大阪市生野区新今里６－５－２５ 
M270003228,大阪府大阪市中央区東心斎橋2-3-4　エムズビレッジ　305 
M270003248,大阪府大阪市生野区生野西２－２－３ 
M270003261,大阪府大阪市住之江区住之江1-3-28 
M270003296,大阪府大阪市東淀川区東中島1-5-25　藤和シティコープ新大阪605 
M270003297,大阪府大阪市東淀川区東中島1-5-25　藤和シティコープ新大阪206 
M270003299,大阪府大阪市東淀川区東中島1-5-25　藤和シティコープ新大阪402 
M270003300,大阪府大阪市東淀川区東中島1-5-25　藤和シティコープ新大阪310 
M270003302,大阪府大阪市東淀川区東中島1-5-25　藤和シティコープ新大阪903 
M270003303,大阪府大阪市東淀川区東中島1-5-25　藤和シティコープ新大阪301 
M270003305,大阪府大阪市東淀川区東中島1-5-25　藤和シティコープ新大阪411 
M270003306,大阪府大阪市東淀川区東中島1-5-25　藤和シティコープ新大阪905 
M270003308,大阪府大阪市東淀川区東中島1-5-25　藤和シティコープ新大阪302 
M270003372,大阪府大阪市浪速区元町2-13-3 ハクユウ元町403 
M270003373,大阪府大阪市浪速区元町2-13-3 ハクユウ元町404 
M270003374,大阪府大阪市浪速区日本橋東1-2-14 ロイヤルミナミ402 
M270003375,大阪府大阪市浪速区日本橋東1-2-14 ロイヤルミナミ403 
M270003454,大阪府大阪市港区築港2-7-33Universal Bay501号室 
M270003457,大阪府大阪市淀川区十三本町１－１０－１８ 
M270003569,大阪府大阪市生野区勝山北２－１－１７ 
M270003685,大阪府大阪市中央区博労町１－４－３ ＲＥＢＡＮＧＡ船場アパートメント 202 
M270003686,大阪府大阪市中央区博労町１－４－３ ＲＥＢＡＮＧＡ船場アパートメント 601 
M270003731,大阪府大阪市西成区花園北２－３－８ｍｋアリーナ２０１ 
M270003926,大阪府大阪市住吉区万代４－１１－１５ 
M270003935,大阪府大阪市浪速区元町2丁目13-3ハクユウ元町206 
M270003936,大阪府大阪市浪速区元町2丁目13-3ハクユウ元町602 
M270003938,大阪府大阪市浪速区元町2丁目13-3ハクユウ元町705 
M270003939,大阪府大阪市浪速区大国１－７－８　６０１ 
M270003941,大阪府大阪市浪速区大国１－７－８　３０１ 
M270003942,大阪府大阪市浪速区大国１－７－８　２０２ 
M270004001,大阪府大阪市淀川区西三国４－６－１２ 
M270004018,大阪府大阪市北区天神橋３－１－２８第三グランドビル５０３ 
M270004029,大阪府大阪市中央区西心斎橋２－１３－５リヴィエール道頓堀５０２ 
M270004030,大阪府大阪市西成区松１－１０－２９ 
M270004031,大阪府大阪市西成区鶴見橋２－１１－２７エルメゾン１ｓｔ　１０１ 
M270004032,大阪府大阪市西成区鶴見橋２－１１－２７エルメゾン１ｓｔ　１０５ 
M270004033,大阪府大阪市西成区鶴見橋２－１１－２７エルメゾン１ｓｔ　２０１ 
M270004034,大阪府大阪市西成区鶴見橋２－１１－２７エルメゾン１ｓｔ　２０２ 
M270004035,大阪府大阪市西成区鶴見橋２－１１－２７エルメゾン１ｓｔ　２０５ 
M270004036,大阪府大阪市西成区鶴見橋２－１１－６　１０４ 
M270004037,大阪府大阪市西成区鶴見橋２－１１－６　１０５ 
M270004057,大阪府大阪市東成区玉津２－９－２０　２F 
M270004066,大阪府大阪市浪速区元町2－13－3ハクユウ元町302 
M270004067,大阪府大阪市中央区南船場1－8－12コーポ南船場１０１ 
M270004107,大阪府大阪市西成区中開１－３－２３アメニティ愛寿３０１ 
M270004109,大阪府大阪市西成区中開１－３－２３アメニティ愛寿６０７ 
M270004141,大阪府大阪市中央区博労町１?４?３ ブランシール船場 801 
M270004231,大阪府大阪市浪速区久保吉１－６－１９ 
M270004266,大阪府大阪市東住吉区山坂５－１２－１９ 
M270004322,大阪府大阪市浪速区日本橋３－７－７エステムコート難波Ⅱアレグリア１１０４ 
M270004326,大阪府大阪市平野区瓜破３－３－２２ 
M270004329,大阪府大阪市中央区日本橋２－１７－２アリタクローバーハイツ７０１ 
M270004331,大阪府大阪市中央区日本橋２－１７－１１ラフィーヌ日本橋４０２ 
M270004332,大阪府大阪市西成区天下茶屋北２－５－２４ 
M270004378,大阪府大阪市東淀川区小松１－１８－５ 
M270004448,大阪府大阪市西区新町３－１０－２１アーバンプラザ３００２ 
M270004451,大阪府大阪市西区新町３－１０－２１アーバンプラザ４００３ 
M270004455,大阪府大阪市淀川区新北野３－１２－１０ＳＧＩ塚本２Ｃ 
M270004456,大阪府大阪市西区新町３－１０－２１アーバンプラザ２００５ 
M270004457,大阪府大阪市西区新町３－１０－２１アーバンプラザ１００３ 
M270004462,大阪府大阪市淀川区新北野３－１２－１０ＳＧＩ塚本２Ｅ 
M270004464,大阪府大阪市淀川区新北野３－１２－１０ＳＧＩ塚本２Ｉ 
M270004468,大阪府大阪市淀川区新北野３－１２－１０ＳＧＩ塚本４Ｉ 
M270004480,大阪府大阪市浪速区敷津東１－５－５ 
M270004481,大阪府大阪市浪速区敷津西２－１３－１４メゾンヘルム３０１ 
M270004482,大阪府大阪市浪速区敷津西２－１３－１４メゾンヘルム５０１ 
M270004526,大阪府大阪市福島区大開１－１１－２３キヨシビル２０２ 
M270004527,大阪府大阪市福島区大開１－１１－２３キヨシビル２０１ 
M270004561,大阪府大阪市西淀川区歌島１－６－７ 
M270004563,大阪府大阪市中央区博労町１－４－３　２０１ 
M270004564,大阪府大阪市中央区博労町１－４－３　５０１ 
M270004565,大阪府大阪市中央区博労町１－４－３　４０３ 
M270004577,大阪府大阪市西成区花園北１－９－１０三光ハウス１０２、１０８、２０１ 
M270004581,大阪府大阪市天王寺区大道１－２－２８サンプラザ四天王寺１０１号 
M270004744,大阪府大阪市西成区玉出西２－１３－２７ 
M270004817,大阪府大阪市中央区千日前２－３－１－３０５、４０３ 
M270004872,大阪府大阪市浪速区大国１－７－８マンションホースタイ　２０１号室 
M270004875,大阪府大阪市浪速区大国１－７－８マンションホースタイ　２０３号室 
M270004912,大阪府大阪市東淀川区下新庄４－１９－９ハイツヒライ２０３ 
M270004914,大阪府大阪市東淀川区下新庄４－１９－９ハイツヒライ３０３ 
M270004915,大阪府大阪市東淀川区下新庄４－１９－９ハイツヒライ３０４ 
M270004917,大阪府大阪市東淀川区下新庄４－１９－９ハイツヒライ３０６ 
M270004919,大阪府大阪市東淀川区下新庄４－２０－６ハイツヒライⅡ１０６ 
M270004921,大阪府大阪市東淀川区下新庄４－２０－６ハイツヒライⅡ２０２ 
M270004922,大阪府大阪市東淀川区下新庄４－２０－６ハイツヒライⅡ２０３ 
M270004924,大阪府大阪市東淀川区下新庄４－２０－６ハイツヒライⅡ２０５ 
M270004925,大阪府大阪市東淀川区下新庄４－２０－６ハイツヒライⅡ２０７ 
M270004926,大阪府大阪市東淀川区下新庄４－２０－６ハイツヒライⅡ２０８ 
M270004986,大阪府大阪市東住吉区駒川５－１２－７ 
M270005123,大阪府大阪市西淀川区柏里１－１８－８ 
M270005132,大阪府大阪市中央区島之内２－５－４　２０１ 
M270005135,大阪府大阪市中央区島之内２－５－４　２０３ 
M270005136,大阪府大阪市中央区島之内２－５－４　２０５ 
M270005138,大阪府大阪市中央区島之内２－５－４　８０４ 
M270005140,大阪府大阪市中央区島之内２－５－４　９０１ 
M270005206,大阪府大阪市浪速区日本橋４丁目15番４－５０５ 
M270005209,大阪府大阪市浪速区日本橋４丁目15番４－５０４ 
M270005213,大阪府大阪市淀川区東三国５－１－１３ 
M270005230,大阪府大阪市城東区成育４－２５－７白樺マンション３０２ 
M270005231,大阪府大阪市城東区成育４－２５－７白樺マンション３０１ 
M270005232,大阪府大阪市城東区成育４－２５－７白樺マンション２０１ 
M270005280,大阪府大阪市中央区日本橋１－１８－５ＭＳ日本一ビル２０１号室 
M270005282,大阪府大阪市淀川区西中島５－１－８日研ビル４１０ 
M270005283,大阪府大阪市淀川区西中島５－１－８日研ビル５１０ 
M270005284,大阪府大阪市淀川区西中島５－１－８日研ビル６１０ 
M270005285,大阪府大阪市淀川区西中島５－１－８日研ビル７０５ 
M270005286,大阪府大阪市淀川区西中島５－１－８日研ビル１００２ 
M270005287,大阪府大阪市淀川区西中島５－１－８日研ビル１００４ 
M270005288,大阪府大阪市淀川区西中島５－１－８日研ビル１００５ 
M270005289,大阪府大阪市淀川区西中島５－１－８日研ビル１１０３ 
M270005290,大阪府大阪市淀川区西中島５－１－８日研ビル１１０５ 
M270005298,大阪府大阪市浪速区芦原１－２－１セレニテ難波西１００４ 
M270005376,大阪府大阪市浪速区難波中３－１６－２３東和コーポラス３０１ 
M270005377,大阪府大阪市浪速区難波中３－１６－２３東和コーポラス３０５ 
M270005378,大阪府大阪市浪速区難波中３－１６－２３東和コーポラス３０６ 
M270005379,大阪府大阪市浪速区難波中３－１６－２３東和コーポラス４０３ 
M270005380,大阪府大阪市浪速区難波中３－１６－２３東和コーポラス５０１ 
M270005382,大阪府大阪市浪速区難波中３－１６－２３東和コーポラス５０２ 
M270005409,大阪府大阪市城東区蒲生4－１１－６ 
M270005439,大阪府大阪市城東区中浜３－２６－１１フレンドビル3Ｆ 
M270005523,大阪府大阪市浪速区木津川2－4－58 
M270005534,大阪府大阪市浪速区日本橋東１丁目２－１４ロイヤルミナミ６０２ 
M270005559,大阪府大阪市北区長柄中１－３－１４ 
M270005563,大阪府大阪市天王寺区南河堀町9－38 
M270005623,大阪府大阪市中央区道頓堀１丁目３番１７号 さの半ビル－201,301,401,501 
M270005629,大阪府大阪市中央区谷町六丁目13番11号 
M270005678,大阪府大阪市東淀川区東中島１－２０－１２ユニゾーン新大阪９０１ 
M270005679,大阪府大阪市東淀川区東中島１－２０－１２ユニゾーン新大阪７１６ 
M270005760,大阪府大阪市福島区福島1-2-17meetMe梅田西601号室 
M270005761,大阪府大阪市福島区福島1-2-17meetMe梅田西602号室 
M270005762,大阪府大阪市福島区福島1-2-17meetMe梅田西903号室 
M270005768,大阪府大阪市浪速区芦原１－２－１セレニテ難波西７０１ 
M270005769,大阪府大阪市都島区中野町４－２－１２丸一マンション１０２ 
M270005770,大阪府大阪市都島区中野町４－２－１３丸一マンション４０６ 
M270005771,大阪府大阪市都島区中野町４－２－１４丸一マンション５０２ 
M270005813,大阪府大阪市浪速区恵美須西３－２－４栄光キリストビル８０７ 
M270005814,大阪府大阪市浪速区恵美須西３－２－４栄光キリストビル８０１ 
M270005815,大阪府大阪市浪速区恵美須西３－２－４栄光キリストビル４０８ 
M270005816,大阪府大阪市浪速区恵美須西３－２－４栄光キリストビル４０３ 
M270005817,大阪府大阪市浪速区恵美須西３－２－４栄光キリストビル３０１ 
M270005821,大阪府大阪市東成区中道３丁目１６－２５ 
M270005878,大阪府大阪市西成区北津守４－５－１９ 
M270005909,大阪府大阪市淀川区西中島5丁目1-8日研ビル６０８ 
M270005910,大阪府大阪市淀川区西中島5丁目1-8日研ビル６０４ 
M270005911,大阪府大阪市淀川区西中島5丁目1-8日研ビル４１１ 
M270005912,大阪府大阪市淀川区西中島5丁目1-8日研ビル４０８ 
M270005913,大阪府大阪市淀川区西中島5丁目1-8日研ビル４０１ 
M270005921,大阪府大阪市浪速区戎本町１－６－２２シティライフエステート難波南３０７ 
M270005922,大阪府大阪市浪速区浪速西２－９－８ 
M270005934,大阪府大阪市浪速区難波中２－５－１５シティーライフナンバ２０３ 
M270005935,大阪府大阪市浪速区難波中２－５－１５シティーライフナンバ４０３ 
M270005936,大阪府大阪市浪速区難波中２－５－１５シティーライフナンバ３０３ 
M270005937,大阪府大阪市浪速区難波中２－５－１５シティーライフナンバ５０３ 
M270005974,大阪府大阪市西区新町1－28－18ルヴィタクオ西大橋２０２ 
M270005976,大阪府大阪市中央区南船場１－１４－７アインズ南船場１００３ 
M270005977,大阪府大阪市中央区島之内一丁目３番３６号 
M270005978,大阪府大阪市西成区花園北2-14-22-101 
M270005979,大阪府大阪市西成区花園北2-14-22-201 
M270005980,大阪府大阪市西成区花園北2-14-22-202 
M270005981,大阪府大阪市西成区天下茶屋2-20-14エステート吉田5F6F 
M270005999,大阪府大阪市東淀川区相川２－１３－７マンションロアジス２０５ 
M270006000,大阪府大阪市東淀川区相川２－１３－７マンションロアジス３０３ 
M270006002,大阪府大阪市東淀川区相川２－１３－７マンションロアジス４０２ 
M270006003,大阪府大阪市東淀川区相川２－１３－７マンションロアジス４０３ 
M270006111,大阪府大阪市浪速区恵美須西３－４－１４ 
M270006115,大阪府大阪市中央区南船場１－４－８後藤マンション２０５ 
M270006116,大阪府大阪市中央区南船場１－４－８後藤マンション３０１ 
M270006117,大阪府大阪市中央区南船場１－４－８後藤マンション３０５ 
M270006118,大阪府大阪市中央区南船場１－４－８後藤マンション４０２ 
M270006119,大阪府大阪市中央区南船場１－４－８後藤マンション５０１ 
M270006121,大阪府大阪市中央区南船場１－４－８後藤マンション５０３ 
M270006122,大阪府大阪市中央区南船場１－４－８後藤マンション６０２ 
M270006123,大阪府大阪市中央区南船場１－４－８後藤マンション６０３ 
M270006209,大阪府大阪市浪速区恵美須西３－２－４－６０８ 
M270006210,大阪府大阪市浪速区恵美須西３－２－４－６０６ 
M270006211,大阪府大阪市浪速区恵美須西３－２－４－９０７ 
M270006213,大阪府大阪市浪速区恵美須西３－２－４－９０８ 
M270006214,大阪府大阪市浪速区恵美須西３－２－４－７０２ 
M270006227,大阪府大阪市浪速区稲荷１－１１－８ 
M270006233,大阪府大阪市浪速区大国３-７-７ナオシス大国町１０１ 
M270006235,大阪府大阪市浪速区大国３-７-７ナオシス大国町２０１ 
M270006236,大阪府大阪市浪速区大国３-７-７ナオシス大国町２０２ 
M270006297,大阪府大阪市東淀川区西淡路1-15-23フレックス新大阪203 
M270006298,大阪府大阪市東淀川区西淡路1-15-23フレックス新大阪206 
M270006299,大阪府大阪市東淀川区西淡路1-15-23フレックス新大阪303 
M270006301,大阪府大阪市東淀川区西淡路1-15-23フレックス新大阪304 
M270006304,大阪府大阪市東淀川区西淡路1-15-23フレックス新大阪305 
M270006305,大阪府大阪市東淀川区西淡路1-15-23フレックス新大阪402 
M270006306,大阪府大阪市東淀川区西淡路1-15-23フレックス新大阪403 
M270006307,大阪府大阪市東淀川区西淡路1-15-23フレックス新大阪406 
M270006308,大阪府大阪市東淀川区西淡路1-15-23フレックス新大阪502 
M270006309,大阪府大阪市東淀川区西淡路1-15-23フレックス新大阪503 
M270006310,大阪府大阪市東淀川区西淡路1-15-23フレックス新大阪505 
M270006332,大阪府大阪市西成区梅南1－6－24　三和住宅　西棟２０３ 
M270006333,大阪府大阪市西成区梅南1－6－24　三和住宅　東棟２０１ 
M270006334,大阪府大阪市西成区梅南1－6－24　三和住宅　東棟２０３ 
M270006365,大阪府大阪市西成区千本北２－１４－２ 
M270006391,大阪府大阪市城東区成育４－１－１８ 
M270006392,大阪府大阪市東住吉区田辺１－８－２８ 
M270006467,大阪府大阪市東淀川区東中島１－１1-1  
M270006468,大阪府大阪市西成区花園南１－７－２１  ３０１、３０２、４０１、４０２、５０１、５０２ 
M270006469,大阪府大阪市東淀川区東中島1－11－1アネックスニューシティ201 
M270006470,大阪府大阪市東淀川区東中島1－11－1アネックスニューシティ203 
M270006471,大阪府大阪市東淀川区東中島1－11－1アネックスニューシティ301 
M270006472,大阪府大阪市東淀川区東中島1－11－1アネックスニューシティ303 
M270006473,大阪府大阪市東淀川区東中島1－11－1アネックスニューシティ305 
M270006474,大阪府大阪市東淀川区東中島1－11－1アネックスニューシティ402 
M270006475,大阪府大阪市東淀川区東中島1－11－1アネックスニューシティ501 
M270006476,大阪府大阪市東淀川区東中島1－11－1アネックスニューシティ503 
M270006485,大阪府大阪市浪速区芦原１－２－１　セレニテ難波西５０４号 
M270006486,大阪府大阪市浪速区芦原１－２－１　セレニテ難波西１００３号 
M270006487,大阪府大阪市浪速区芦原１－２－１　セレニテ難波西５０３号 
M270006505,大阪府大阪市都島区片町２－１１－４パティオ京橋３０１ 
M270006506,大阪府大阪市都島区片町２－１１－４パティオ京橋３０２ 
M270006507,大阪府大阪市都島区片町２－１１－４パティオ京橋３０３ 
M270006508,大阪府大阪市都島区片町２－１１－４パティオ京橋３０５ 
M270006509,大阪府大阪市都島区片町２－１１－４パティオ京橋３０６ 
M270006510,大阪府大阪市都島区片町２－１１－４パティオ京橋３０７ 
M270006511,大阪府大阪市都島区片町２－１１－４パティオ京橋３０８ 
M270006512,大阪府大阪市都島区片町２－１１－４パティオ京橋３１０ 
M270006513,大阪府大阪市都島区片町２－１１－４パティオ京橋４０１ 
M270006514,大阪府大阪市都島区片町２－１１－４パティオ京橋４０２ 
M270006515,大阪府大阪市都島区片町２－１１－４パティオ京橋４０３ 
M270006516,大阪府大阪市都島区片町２－１１－４パティオ京橋４０５ 
M270006517,大阪府大阪市都島区片町２－１１－４パティオ京橋４０８ 
M270006518,大阪府大阪市都島区片町２－１１－４パティオ京橋４１０ 
M270006519,大阪府大阪市都島区片町２－１１－４パティオ京橋５０１ 
M270006520,大阪府大阪市都島区片町２－１１－４パティオ京橋５０２ 
M270006521,大阪府大阪市都島区片町２－１１－４パティオ京橋５０３ 
M270006522,大阪府大阪市都島区片町２－１１－４パティオ京橋５０５ 
M270006523,大阪府大阪市都島区片町２－１１－４パティオ京橋５０６ 
M270006524,大阪府大阪市都島区片町２－１１－４パティオ京橋５０７ 
M270006525,大阪府大阪市都島区片町２－１１－４パティオ京橋５０８ 
M270006526,大阪府大阪市都島区片町２－１１－４パティオ京橋５１０ 
M270006527,大阪府大阪市都島区片町２－１１－４パティオ京橋６０１ 
M270006528,大阪府大阪市都島区片町２－１１－４パティオ京橋６０２ 
M270006529,大阪府大阪市都島区片町２－１１－４パティオ京橋６０３ 
M270006530,大阪府大阪市都島区片町２－１１－４パティオ京橋６０５ 
M270006531,大阪府大阪市都島区片町２－１１－４パティオ京橋６０６ 
M270006532,大阪府大阪市都島区片町２－１１－４パティオ京橋６０７ 
M270006533,大阪府大阪市都島区片町２－１１－４パティオ京橋６０８ 
M270006534,大阪府大阪市都島区片町２－１１－４パティオ京橋６１０ 
M270006537,大阪府大阪市浪速区難波中２－５－１５　シティライフナンバ７０３ 
M270006538,大阪府大阪市浪速区難波中２－５－１５　シティライフナンバ５０２ 
M270006589,大阪府大阪市浪速区戎本町１－６－２２　シティライフエステート難波南３０３ 
M270006590,大阪府大阪市浪速区戎本町１－６－２２　シティライフエステート難波南３０６ 
M270006621,大阪府大阪市浪速区芦原１－１－２３　ナンバウエストⅡ７０５号 
M270006622,大阪府大阪市浪速区芦原１－１－２３　ナンバウエストⅡ３０５号 
M270006626,大阪府大阪市浪速区芦原１－１－２３　ナンバウエストⅡ４０１号 
M270006627,大阪府大阪市西区新町３－１０－２１　アーバンプラザ３００１ 
M270006628,大阪府大阪市浪速区芦原１－１－２３　ナンバウエストⅡ４０２号 
M270006629,大阪府大阪市浪速区芦原１－１－２３　ナンバウエストⅡ４０５号 
M270006631,大阪府大阪市浪速区芦原１－１－２３　ナンバウエストⅡ６０２号 
M270006632,大阪府大阪市浪速区芦原１－１－２３　ナンバウエストⅡ６０３号 
M270006634,大阪府大阪市浪速区芦原１－１－２３　ナンバウエストⅡ６０５号 
M270006676,大阪府大阪市西淀川区大野３－１－７福ビル1階・２階 
M270006750,大阪府大阪市中央区島之内２－５－３１　TSマンション302号室 
M270006751,大阪府大阪市中央区島之内２－５－３１　TSマンション303号室 
M270006752,大阪府大阪市中央区島之内２－５－３１　TSマンション305号室 
M270006753,大阪府大阪市中央区島之内２－５－３１　TSマンション402号室 
M270006754,大阪府大阪市中央区島之内２－５－３１　TSマンション501号室 
M270006818,大阪府大阪市中央区瓦屋町２－１８－８ 
M270006823,大阪府大阪市西成区長橋１－３－１９ 
M270006838,大阪府大阪市西成区萩之茶屋３－６－３ 
M270006877,大阪府大阪市中央区農人橋２－１－２５　ブリリアンコート農人橋６０３ 
M270006878,大阪府大阪市中央区農人橋２－１－２５　ブリリアンコート農人橋２０２ 
M270006879,大阪府大阪市中央区農人橋２－１－２５　ブリリアンコート農人橋３０１ 
M270006881,大阪府大阪市中央区農人橋２－１－２５　ブリリアンコート農人橋４０３ 
M270006915,大阪府大阪市浪速区敷津西１－１－２８ワキタビル２Ｂ 
M270006975,大阪府大阪市東淀川区下新庄３－８－６ 
M270006976,大阪府大阪市中央区島之内２－５－３３ＴＡＩＭＯＲＩ　ＫＩＮＧ　ＳＴＡＹ702 
M270006977,大阪府大阪市中央区島之内２－５－３３ＴＡＩＭＯＲＩ　ＫＩＮＧ　ＳＴＡＹ402 
M270006978,大阪府大阪市中央区島之内２－５－３３ＴＡＩＭＯＲＩ　ＫＩＮＧ　ＳＴＡＹ202 
M270006980,大阪府大阪市西成区玉出東１－５－１７ 
M270006991,大阪府大阪市中央区谷町６－１５－２０　ソレイユ谷町２０１号４０１号 
M270006994,大阪府大阪市浪速区恵美須西１－５－６レフィナード恵美須７０２ 
M270006995,大阪府大阪市浪速区恵美須西１－５－６レフィナード恵美須５０２ 
M270006996,大阪府大阪市浪速区恵美須西１－５－６レフィナード恵美須４０５ 
M270006998,大阪府大阪市浪速区恵美須西１－５－６レフィナード恵美須７０３ 
M270007000,大阪府大阪市浪速区恵美須西１－５－６レフィナード恵美須４０１ 
M270007001,大阪府大阪市中央区島之内２－５－４－２０６ 
M270007002,大阪府大阪市中央区島之内２－５－４－２０４ 
M270007003,大阪府大阪市中央区島之内２－５－４－２０７ 
M270007004,大阪府大阪市中央区島之内２－５－４－４０１ 
M270007005,大阪府大阪市中央区島之内２－５－４－６０４ 
M270007006,大阪府大阪市中央区島之内２－５－４－６０７ 
M270007007,大阪府大阪市中央区島之内２－５－４－１００４ 
M270007008,大阪府大阪市中央区島之内２－５－４－７０３ 
M270007009,大阪府大阪市中央区島之内２－５－４－７０５ 
M270007010,大阪府大阪市中央区島之内２－５－４－８０６ 
M270007011,大阪府大阪市中央区島之内２－５－４－１００５ 
M270007012,大阪府大阪市中央区島之内２－５－４－９０７ 
M270007013,大阪府大阪市中央区島之内２－５－４－１００６ 
M270007014,大阪府大阪市中央区島之内２－５－４－９０４ 
M270007015,大阪府大阪市中央区島之内２－５－４－１００７ 
M270007017,大阪府大阪市中央区島之内２－５－４－９０５ 
M270007018,大阪府大阪市中央区島之内２－５－４－１００１ 
M270007019,大阪府大阪市中央区島之内２－５－４－９０３ 
M270007020,大阪府大阪市中央区島之内２－５－４－１００３ 
M270007021,大阪府大阪市中央区島之内２－５－４－８０７ 
M270007025,大阪府大阪市浪速区敷津西１－９－７ランドマーク難波３　５０１、５０２ 
M270007026,大阪府大阪市浪速区敷津西１－９－７ランドマーク難波３　１０１ 
M270007030,大阪府大阪市北区本庄東３－１０－４ 
M270007042,大阪府大阪市浪速区敷津西１－１－２８ワキタビル３Ｄ号 
M270007065,大阪府大阪市浪速区下寺３－１８－５グリーンビュー天王寺６０１ 
M270007071,大阪府大阪市浪速区下寺３－１８－５グリーンビュー天王寺４０２ 
M270007072,大阪府大阪市浪速区下寺３－１８－５グリーンビュー天王寺４０１ 
M270007081,大阪府大阪市中央区島之内２－２－７　アビタシオン島之内６０１、６０２ 
M270007101,大阪府大阪市都島区東野田町３－１２－９京橋プルトンビル９０１ 
M270007102,大阪府大阪市都島区東野田町３－１２－９京橋プルトンビル９０２ 
M270007103,大阪府大阪市都島区東野田町３－１２－９京橋プルトンビル９０３ 
M270007104,大阪府大阪市都島区東野田町３－１２－９京橋プルトンビル９０８ 
M270007105,大阪府大阪市都島区東野田町３－１２－９京橋プルトンビル９０９ 
M270007125,大阪府大阪市中央区瓦屋町３－９－４アモーレ松屋町Ⅱ２０１ 
M270007133,大阪府大阪市浪速区敷津西１－９－７ランドマーク難波３　４０１、４０２ 
M270007134,大阪府大阪市浪速区敷津西１－９－７ランドマーク難波３　２０１、２０２ 
M270007135,大阪府大阪市浪速区敷津西１－９－７ランドマーク難波３　１０２ 
M270007136,大阪府大阪市浪速区敷津西１－９－７ランドマーク難波３　３０１、３０２ 
M270007154,大阪府大阪市北区中崎西１－１－２２　マンションJS１０１ 
M270007160,大阪府大阪市東住吉区湯里４－１２－２０ 
M270007162,大阪府大阪市中央区高津３－２－１１　ルイータ日本橋２０３ 
M270007164,大阪府大阪市中央区高津３－２－１１　ルイータ日本橋３０３ 
M270007165,大阪府大阪市中央区高津３－２－１１　ルイータ日本橋２０５ 
M270007166,大阪府大阪市都島区東野田町３－１２－９京橋プルトンビル９０４ 
M270007167,大阪府大阪市中央区高津３－２－１１　ルイータ日本橋３０５ 
M270007169,大阪府大阪市中央区高津３－２－１１　ルイータ日本橋８０３ 
M270007212,大阪府大阪市中央区谷町６－１６－１９　谷町テラスハウスⅠ 
M270007213,大阪府大阪市中央区谷町６－１６－１９　谷町テラスハウスⅡ 
M270007214,大阪府大阪市中央区谷町６－１６－１９　谷町テラスハウスⅢ 
M270007238,大阪府大阪市浪速区日本橋５－２１－９　カモンハイツ　１０２、２０２、２０５ 
M270007239,大阪府大阪市浪速区芦原１－２－１　セレニテ難波西３０５、４０７、８０９、１００５ 
M270007287,大阪府大阪市城東区蒲生４－９－１２ 
M270007288,大阪府大阪市浪速区日本橋４－３－１３　プランドール難波６０４号室 
M270007289,大阪府大阪市浪速区日本橋４－３－１３　プランドール難波６０２号室 
M270007301,大阪府大阪市中央区日本橋２－１４－４アリタビル３０１、４０１ 
M270007303,大阪府大阪市此花区高見３－５－９ 
M270007304,大阪府大阪市住之江区安立３－５－６ 
M270007309,大阪府大阪市中央区島之内１－１３－５エスライズ心斎橋305 
M270007310,大阪府大阪市中央区島之内１－１３－５エスライズ心斎橋803 
M270007333,大阪府大阪市中央区日本橋1-20-9上東ビル３０１、３０２、４０２、４０３ 
M270007334,大阪府大阪市中央区高津３－９－５　第2高津グローリーハイツ２００４号室 
M270007349,大阪府大阪市浪速区難波中１－１６－１１レック難波ビル７０１ 
M270007350,大阪府大阪市中央区千日前２－３－１セブンマンション202 
M270007351,大阪府大阪市中央区千日前２－３－１セブンマンション203 
M270007352,大阪府大阪市中央区千日前２－３－１セブンマンション206 
M270007353,大阪府大阪市中央区千日前２－３－１セブンマンション301 
M270007354,大阪府大阪市浪速区敷津西２－８－２２ＳｋｙＣｉｔｙ２４　２０１ 
M270007355,大阪府大阪市浪速区敷津西２－８－２２ＳｋｙＣｉｔｙ２４　２０２ 
M270007356,大阪府大阪市浪速区敷津西２－８－２２ＳｋｙＣｉｔｙ２４　２０３ 
M270007357,大阪府大阪市浪速区敷津西２－８－２２ＳｋｙＣｉｔｙ２４　３０２ 
M270007358,大阪府大阪市浪速区敷津西２－８－２２ＳｋｙＣｉｔｙ２４　６０１ 
M270007359,大阪府大阪市浪速区敷津西２－８－２２ＳｋｙＣｉｔｙ２４　６０２ 
M270007360,大阪府大阪市浪速区敷津西２－８－２２ＳｋｙＣｉｔｙ２４　６０３ 
M270007361,大阪府大阪市北区中津７－２－９ 
M270007362,大阪府大阪市浪速区大国２－１６－１８ 
M270007363,大阪府大阪市浪速区大国２－１０－８　ＹＢＬＤ　１０３、４０１、７０５号室 
M270007364,大阪府大阪市浪速区戎本町２－４－３　プライムハイツ２０８号 
M270007365,大阪府大阪市浪速区戎本町２－４－３　プライムハイツ２１２号 
M270007366,大阪府大阪市浪速区戎本町２－４－３　プライムハイツ３０７号 
M270007367,大阪府大阪市浪速区戎本町２－４－３　プライムハイツ３１１号 
M270007368,大阪府大阪市浪速区戎本町２－４－３　プライムハイツ４０１号 
M270007369,大阪府大阪市浪速区戎本町２－４－３　プライムハイツ４１１号 
M270007370,大阪府大阪市浪速区戎本町２－４－３　プライムハイツ４１２号 
M270007371,大阪府大阪市浪速区戎本町２－４－３　プライムハイツ６０３号 
M270007373,大阪府大阪市浪速区戎本町２－４－３　プライムハイツ６０７号 
M270007375,大阪府大阪市浪速区戎本町２－４－３　プライムハイツ６１１号 
M270007376,大阪府大阪市浪速区戎本町２－４－３　プライムハイツ６１３号 
M270007377,大阪府大阪市浪速区戎本町２－４－３　プライムハイツ７０２号 
M270007378,大阪府大阪市浪速区戎本町２－４－３　プライムハイツ８０５号 
M270007417,大阪府大阪市浪速区難波中１－１６－１１レック難波ビル５０１ 
M270007418,大阪府大阪市浪速区下寺３－１８－５グリーンビュー天王寺２０２ 
M270007423,大阪府大阪市東淀川区東中島１－２０－１２ユニゾーン新大阪６２１ 
M270007432,大阪府大阪市浪速区難波中１－１６－１１レック難波ビル６０１ 
M270007448,大阪府大阪市東淀川区東中島４－５－１０－３０１ 
M270007450,大阪府大阪市東淀川区東中島４－５－１０－１０１ 
M270007451,大阪府大阪市東淀川区東中島４－５－１０－２０１ 
M270007465,大阪府大阪市浪速区戎本町１－４－１６　トゥリオーニEBISU８０１ 
M270007536,大阪府大阪市西成区花園北２－１８－９ ティアラコートウエスト ４０１ 
M270007537,大阪府大阪市西成区花園北２－１８－９ ティアラコートウエスト ４０２ 
M270007538,大阪府大阪市西成区花園北２－１８－９ ティアラコートウエスト ５０３ 
M270007539,大阪府大阪市西成区花園北２－１８－９ ティアラコートウエスト ５０４ 
M270007540,大阪府大阪市西成区花園北２－１８－９ ティアラコートウエスト ６０３ 
M270007541,大阪府大阪市西成区花園北２－１８－９ ティアラコートウエスト ６０４ 
M270007542,大阪府大阪市西成区花園北２－１８－９ ティアラコートウエスト ８０１ 
M270007543,大阪府大阪市西成区花園北２－１８－９ ティアラコートウエスト ８０２ 
M270007544,大阪府大阪市西成区花園北２－１８－９ ティアラコートウエスト ９０１ 
M270007545,大阪府大阪市西成区花園北２－１８－９ ティアラコートウエスト ９０２ 
M270007546,大阪府大阪市西成区花園北２－１８－９ ティアラコートウエスト １００１ 
M270007547,大阪府大阪市西成区花園北２－１８－９ ティアラコートウエスト １００２ 
M270007559 大阪府大阪市,生野区小路東２－７－１５パール小路２０４ 
M270007565,大阪府大阪市浪速区敷津西１－６－２３ブエナビスタ難波南１０１・７０３ 
M270007570,大阪府大阪市浪速区敷津西２－８－２２ＳｋｙＣｉｔｙ２４　２０５ 
M270007572,大阪府大阪市浪速区日本橋５－２１－９　カモンハイツ　206 
M270007576,大阪府大阪市浪速区元町２－１３－３　ハクユウ元町２０７号室 
M270007577,大阪府大阪市中央区瓦屋町３－２－２４瓦屋町TYビル４０２ 
M270007625,大阪府大阪市浪速区大国２－９－２　エグゼ難波南V５０１ 
M270007626,大阪府大阪市浪速区大国２－９－２　エグゼ難波南V８０７ 
M270007627,大阪府大阪市浪速区大国２－９－２　エグゼ難波南V８０５ 
M270007628,大阪府大阪市浪速区大国２－９－２　エグゼ難波南V４０１ 
M270007630,大阪府大阪市西成区花園北１－９－２９ロイヤル花園８０１ 
M270007678,大阪府大阪市中央区久太郎町1丁目３－１４CityLife本町５０１ 
M270007679,大阪府大阪市中央区久太郎町1丁目３－１４CityLife本町５０２ 
M270007681,大阪府大阪市中央区久太郎町1丁目３－１４CityLife本町５０３ 
M270007682,大阪府大阪市中央区久太郎町1丁目３－１４CityLife本町６０２ 
M270007684,大阪府大阪市中央区久太郎町1丁目３－１４CityLife本町７０２ 
M270007690,大阪府大阪市西成区花園北１－９－２９ロイヤル花園９０１ 
M270007691,大阪府大阪市西成区花園北１－９－２９ロイヤル花園９０２ 
M270007692,大阪府大阪市西成区花園北１－９－２９ロイヤル花園９１３ 
M270007693,大阪府大阪市西成区花園北１－９－２９ロイヤル花園９１５ 
M270007694,大阪府大阪市西成区花園北１－９－２９ロイヤル花園９１６ 
M270007695,大阪府大阪市西成区花園北１－９－２９ロイヤル花園８０２ 
M270007696,大阪府大阪市西成区花園北１－９－２９ロイヤル花園８０５ 
M270007697,大阪府大阪市西成区花園北１－９－２９ロイヤル花園９１２ 
M270007698,大阪府大阪市西成区花園北１－９－２９ロイヤル花園９０５ 
M270007699,大阪府大阪市西成区花園北１－９－２９ロイヤル花園８１６ 
M270007700,大阪府大阪市西成区花園北１－９－２９ロイヤル花園８１７ 
M270007701,大阪府大阪市西成区花園北１－９－２９ロイヤル花園８１８ 
M270007702,大阪府大阪市西成区花園北１－９－２９ロイヤル花園８１０ 
M270007703,大阪府大阪市西成区花園北１－９－２９ロイヤル花園８１１ 
M270007704,大阪府大阪市西成区花園北１－９－２９ロイヤル花園９０６ 
M270007705,大阪府大阪市西成区花園北１－９－２９ロイヤル花園８１３ 
M270007706,大阪府大阪市西成区花園北１－９－２９ロイヤル花園８１５ 
M270007749,大阪府大阪市中央区谷町６－１４－１４　メルシアター空堀　３０１、７０３号室 
M270007771,大阪府大阪市西成区潮路１－４－２７ パークサイドＭ 203 
M270007773,大阪府大阪市西成区潮路１－４－２７ パークサイドＭ 205 
M270007774,大阪府大阪市西成区潮路１－４－２７ パークサイドＭ 303 
M270007775,大阪府大阪市西成区潮路１－４－２７ パークサイドＭ 306 
M270007776,大阪府大阪市西成区潮路１－４－２７ パークサイドＭ 403 
M270007777,大阪府大阪市西成区潮路１－４－２７ パークサイドＭ 405 
M270007778,大阪府大阪市西成区潮路１－４－２７ パークサイドＭ 406 
M270007779,大阪府大阪市西成区潮路１－４－２７ パークサイドＭ 407 
M270007790,大阪府大阪市浪速区恵美須東２－１－１３ 
M270007798,大阪府大阪市西成区橘１－２－９ 
M270007819,大阪府大阪市都島区中野町３－１３－７さくらマンション102 
M270007820,大阪府大阪市都島区中野町３－１３－７さくらマンション103 
M270007821,大阪府大阪市都島区中野町３－１３－７さくらマンション105 
M270007822,大阪府大阪市都島区中野町３－１３－７さくらマンション201 
M270007823,大阪府大阪市都島区中野町３－１３－７さくらマンション202 
M270007917,大阪府大阪市浪速区芦原１－２－１　セレニテ難波西９０３号 
M270007919,大阪府大阪市浪速区芦原１－２－１　セレニテ難波西８０５号 
M270007920,大阪府大阪市浪速区芦原１－２－１　セレニテ難波西３０８号 
M270007921,大阪府大阪市浪速区芦原１－２－１　セレニテ難波西１００９号 
M270007922,大阪府大阪市西成区萩之茶屋２－５－８ペントハウス８　２０１号室 
M270007923,大阪府大阪市西区新町２－１７－２１ＧＡＴＥ８０心斎橋ｗｅｓｔ２Ａ 
M270007924,大阪府大阪市西区新町２－１７－２１ＧＡＴＥ８０心斎橋ｗｅｓｔ２Ｂ 
M270007925,大阪府大阪市西区新町２－１７－２１ＧＡＴＥ８０心斎橋ｗｅｓｔ２Ｃ 
M270007926,大阪府大阪市西区新町２－１７－２１ＧＡＴＥ８０心斎橋ｗｅｓｔ２Ｄ 
M270007927,大阪府大阪市西区新町２－１７－２１ＧＡＴＥ８０心斎橋ｗｅｓｔ２Ｅ 
M270007942,大阪府大阪市北区中津３－２１－２０ 
M270007952,大阪府大阪市東淀川区東中島４－５－１４ 
M270007965,大阪府大阪市西区新町２－１７－２１ＧＡＴＥ８０心斎橋ｗｅｓｔ３Ａ 
M270007967,大阪府大阪市西区新町２－１７－２１ＧＡＴＥ８０心斎橋ｗｅｓｔ３Ｂ 
M270007968,大阪府大阪市中央区南船場１－９－２４STUDIO南船場２０２ 
M270007971,大阪府大阪市中央区南船場１－９－２４STUDIO南船場４０１ 
M270007972,大阪府大阪市西区新町２－１７－２１ＧＡＴＥ８０心斎橋ｗｅｓｔ３Ｃ 
M270007977,大阪府大阪市北区中津３－８－３ 
M270007986,大阪府大阪市浪速区元町２－１３－３　ハクユウ元町３０１号室 
M270007987,大阪府大阪市浪速区元町２－１３－３　ハクユウ元町７０４号室 
M270007988,大阪府大阪市浪速区元町２－１３－３　ハクユウ元町８０４号室 
M270007989,大阪府大阪市浪速区元町２－１３－３　ハクユウ元町１００７号室 
M270008005,大阪府大阪市西区新町２－１７－２１ＧＡＴＥ８０心斎橋ｗｅｓｔ３Ｄ 
M270008006,大阪府大阪市西区新町２－１７－２１ＧＡＴＥ８０心斎橋ｗｅｓｔ３Ｅ 
M270008008,大阪府大阪市西区新町２－１７－２１ＧＡＴＥ８０心斎橋ｗｅｓｔ４Ａ 
M270008010,大阪府大阪市西区新町２－１７－２１ＧＡＴＥ８０心斎橋ｗｅｓｔ４Ｂ 
M270008013,大阪府大阪市西区新町２－１７－２１ＧＡＴＥ８０心斎橋ｗｅｓｔ４Ｃ 
M270008018,大阪府大阪市西区新町２－１７－２１ＧＡＴＥ８０心斎橋ｗｅｓｔ４Ｄ 
M270008024,大阪府大阪市西区新町２－１７－２１ＧＡＴＥ８０心斎橋ｗｅｓｔ４Ｅ 
M270008029,大阪府大阪市西区新町２－１７－２１ＧＡＴＥ８０心斎橋ｗｅｓｔ５Ａ 
M270008033,大阪府大阪市西区新町２－１７－２１ＧＡＴＥ８０心斎橋ｗｅｓｔ５Ｂ 
M270008037,大阪府大阪市西区新町２－１７－２１ＧＡＴＥ８０心斎橋ｗｅｓｔ５Ｃ 
M270008040,大阪府大阪市西区新町２－１７－２１ＧＡＴＥ８０心斎橋ｗｅｓｔ５Ｄ 
M270008042,大阪府大阪市西区新町２－１７－２１ＧＡＴＥ８０心斎橋ｗｅｓｔ５Ｅ 
M270008055,大阪府大阪市西成区萩之茶屋2丁目５－８ペントハウス８　203号室 
M270008056,大阪府大阪市西成区萩之茶屋2丁目５－８ペントハウス８　205号室 
M270008057,大阪府大阪市西成区萩之茶屋2丁目５－８ペントハウス８　302号室 
M270008058,大阪府大阪市西成区萩之茶屋2丁目５－８ペントハウス８　306号室 
M270008060,大阪府大阪市西成区萩之茶屋2丁目５－８ペントハウス８　307号室 
M270008062,大阪府大阪市西成区萩之茶屋2丁目５－８ペントハウス８　310号室 
M270008064,大阪府大阪市西成区萩之茶屋2丁目５－８ペントハウス８　405号室 
M270008065,大阪府大阪市西成区萩之茶屋2丁目５－８ペントハウス８　406号室 
M270008066,大阪府大阪市浪速区戎本町２－４－９ 
M270008068,大阪府大阪市西成区萩之茶屋2丁目５－８ペントハウス８　410号室 
M270008070,大阪府大阪市西成区萩之茶屋2丁目５－８ペントハウス８　502号室 
M270008073,大阪府大阪市西成区萩之茶屋2丁目５－８ペントハウス８　507号室 
M270008075,大阪府大阪市西成区萩之茶屋2丁目５－８ペントハウス８　601号室 
M270008077,大阪府大阪市西成区萩之茶屋2丁目５－８ペントハウス８　606号室 
M270008080,大阪府大阪市西成区萩之茶屋2丁目５－８ペントハウス８　607号室 
M270008082,大阪府大阪市西成区萩之茶屋2丁目５－８ペントハウス８　608号室 
M270008087,大阪府大阪市浪速区大国３－４－１３ビジタルＨ＆Ｍ１０１・６０１号 
M270008088,大阪府大阪市浪速区大国３－４－１３ビジタルＨ＆Ｍ３０１号 
M270008094,大阪府大阪市西区新町２－１７－２１ＧＡＴＥ８０心斎橋ｗｅｓｔ６Ａ 
M270008095,大阪府大阪市西区新町２－１７－２１ＧＡＴＥ８０心斎橋ｗｅｓｔ６Ｂ 
M270008096,大阪府大阪市西区新町２－１７－２１ＧＡＴＥ８０心斎橋ｗｅｓｔ６Ｃ 
M270008097,大阪府大阪市西区新町２－１７－２１ＧＡＴＥ８０心斎橋ｗｅｓｔ６Ｄ 
M270008098,大阪府大阪市西区新町２－１７－２１ＧＡＴＥ８０心斎橋ｗｅｓｔ６Ｅ 
M270008102,大阪府大阪市西区新町２－１７－２１ＧＡＴＥ８０心斎橋ｗｅｓｔ７Ａ 
M270008103,大阪府大阪市西区新町２－１７－２１ＧＡＴＥ８０心斎橋ｗｅｓｔ７Ｂ 
M270008108,大阪府大阪市西区新町２－１７－２１ＧＡＴＥ８０心斎橋ｗｅｓｔ７Ｃ 
M270008109,大阪府大阪市西区新町２－１７－２１ＧＡＴＥ８０心斎橋ｗｅｓｔ７Ｄ 
M270008112,大阪府大阪市西区新町２－１７－２１ＧＡＴＥ８０心斎橋ｗｅｓｔ７Ｅ 
M270008116,大阪府大阪市中央区南船場４－１０－２２ 
M270008128,大阪府大阪市中央区高津３－１２－１３白雲荘１０１ 
M270008129,大阪府大阪市中央区高津３－１２－１３白雲荘２０１ 
M270008130,大阪府大阪市西区新町３－１０－２１アーバンプラザ４００４ 
M270008132,大阪府大阪市浪速区元町１－１１－４－２０２、３０２、４０２、５０２、６０２、７０２ 
M270008133,大阪府大阪市浪速区元町１－１１－４－２０１、３０１、４０１、５０１、６０１、７０１ 
M270008135,大阪府大阪市東成区中本１－４－１５　森の宮アスタービル４～６F 
M270008154,大阪府大阪市中央区西心斎橋１－１５－５　細井ビル２０１，２０２、２０３、２０５、３０１，３０２，４０１，４０２，５０２，５０３，５０４ 
M270008155,大阪府大阪市中央区西心斎橋１－１５－５細井ビル２０４、３０３，３０４，３０５，４０３，４０４，４０５，５０１，６０１ 
M270008185,大阪府大阪市淀川区塚本１－６－２６パークサイド塚本２０２ 
M270008189,大阪府大阪市東成区東中本２－１４－３　タウンハウス緑橋 
M270008227,大阪府大阪市浪速区日本橋東１－２－１４ ロイヤルミナミ５０２ 
M270008239,大阪府大阪市浪速区木津川１－４－２８　グリーンマンション２０１ 
M270008240,大阪府大阪市浪速区木津川１－４－２８　グリーンマンション２０２ 
M270008241,大阪府大阪市浪速区木津川１－４－２８　グリーンマンション２０３ 
M270008242,大阪府大阪市浪速区木津川１－４－２８　グリーンマンション２０４ 
M270008243,大阪府大阪市浪速区木津川１－４－２８　グリーンマンション３０１ 
M270008244,大阪府大阪市浪速区木津川１－４－２８　グリーンマンション３０２ 
M270008245,大阪府大阪市浪速区木津川１－４－２８　グリーンマンション３０３ 
M270008246,大阪府大阪市浪速区木津川１－４－２８　グリーンマンション３０４ 
M270008248,大阪府大阪市東成区東小橋２－４－２９ＭＯＮＤＯ－ＧＡＬＡＸＹ３０１ 
M270008249,大阪府大阪市東成区東小橋２－４－２９ＭＯＮＤＯ－ＧＡＬＡＸＹ３０２ 
M270008250,大阪府大阪市東成区東小橋２－４－２９ＭＯＮＤＯ－ＧＡＬＡＸＹ３０３ 
M270008251,大阪府大阪市東成区東小橋２－４－２９ＭＯＮＤＯ－ＧＡＬＡＸＹ３０４ 
M270008254,大阪府大阪市中央区久太郎町１－３－１４ＣｉｔｙＬｉｆｅ本町４０２号 
M270008255,大阪府大阪市中央区久太郎町１－３－１４ＣｉｔｙＬｉｆｅ本町３０２号 
M270008334,大阪府大阪市生野区桃谷２－３－８メゾンピーチバレイ鶴橋302 
M270008335,大阪府大阪市浪速区敷津西１－３－２４アメニティ敷津１０３号 
M270008336,大阪府大阪市浪速区敷津西１－３－２４アメニティ敷津２０５号 
M270008340,大阪府大阪市浪速区芦原１－１－２３　ナンバウエストⅡ５０２号 
M270008341,大阪府大阪市浪速区芦原１－１－２３　ナンバウエストⅡ１０１号 
M270008342,大阪府大阪市浪速区芦原１－１－２３　ナンバウエストⅡ４０３号 
M270008347,大阪府大阪市浪速区難波中１－１６－１１レック難波ビル８０２ 
M270008348,大阪府大阪市浪速区難波中１－１６－１１レック難波ビル３０２ 
M270008349,大阪府大阪市浪速区難波中１－１６－１１レック難波ビル７０２ 
M270008357,大阪府大阪市東成区東小橋２－４－２９ＭＯＮＤＯ－ＧＡＬＡＸＹ４０１ 
M270008358,大阪府大阪市東成区東小橋２－４－２９ＭＯＮＤＯ－ＧＡＬＡＸＹ４０２ 
M270008359,大阪府大阪市東成区東小橋２－４－２９ＭＯＮＤＯ－ＧＡＬＡＸＹ４０３ 
M270008360,大阪府大阪市東成区東小橋２－４－２９ＭＯＮＤＯ－ＧＡＬＡＸＹ４０４ 
M270008361,大阪府大阪市東成区東小橋２－４－２９ＭＯＮＤＯ－ＧＡＬＡＸＹ５０１ 
M270008362,大阪府大阪市東成区東小橋２－４－２９ＭＯＮＤＯ－ＧＡＬＡＸＹ５０２ 
M270008363,大阪府大阪市東成区東小橋２－４－２９ＭＯＮＤＯ－ＧＡＬＡＸＹ５０３ 
M270008364,大阪府大阪市東成区東小橋２－４－２９ＭＯＮＤＯ－ＧＡＬＡＸＹ５０４ 
M270008385,大阪府大阪市浪速区恵美須東1－３－３第二那須アーバン４０３号 
M270008386,大阪府大阪市浪速区恵美須東1－３－３第二那須アーバン４０２号 
M270008387,大阪府大阪市浪速区恵美須東1－３－３第二那須アーバン３０３号 
M270008390,大阪府大阪市浪速区恵美須東1－３－３第二那須アーバン１０１号 
M270008391,大阪府大阪市浪速区恵美須東1－３－３第二那須アーバン１０２号 
M270008394,大阪府大阪市浪速区恵美須東1－３－３第二那須アーバン２０１号 
M270008396,大阪府大阪市浪速区恵美須東1－３－３第二那須アーバン２０２号 
M270008397,大阪府大阪市浪速区恵美須東1－３－３第二那須アーバン２０３号 
M270008406,大阪府大阪市西成区萩之茶屋2丁目５－８ペントハウス８　503号室 
M270008407,大阪府大阪市西成区萩之茶屋2丁目５－８ペントハウス８　511号室 
M270008408,大阪府大阪市西成区萩之茶屋2丁目５－８ペントハウス８　612号室 
M270008409,大阪府大阪市西成区萩之茶屋2丁目５－８ペントハウス８　613号室 
M270008410,大阪府大阪市西成区萩之茶屋2丁目５－８ペントハウス８　711号室 
M270008411,大阪府大阪市西成区萩之茶屋2丁目５－８ペントハウス８　712号室 
M270008412,大阪府大阪市西成区萩之茶屋2丁目５－８ペントハウス８　801号室 
M270008413,大阪府大阪市西成区萩之茶屋2丁目５－８ペントハウス８　802号室 
M270008414,大阪府大阪市浪速区難波中１－１６－１１レック難波ビル８０１ 
M270008415,大阪府大阪市西成区萩之茶屋2丁目５－８ペントハウス８　803号室 
M270008416,大阪府大阪市西成区萩之茶屋2丁目５－８ペントハウス８　805号室 
M270008417,大阪府大阪市西成区萩之茶屋2丁目５－８ペントハウス８　806号室 
M270008419,大阪府大阪市西成区萩之茶屋2丁目５－８ペントハウス８　810号室 
M270008420,大阪府大阪市西成区萩之茶屋2丁目５－８ペントハウス８　811号室 
M270008421,大阪府大阪市西成区萩之茶屋2丁目５－８ペントハウス８　812号室 
M270008424,大阪府大阪市西成区萩之茶屋2丁目５－８ペントハウス８　813号室 
M270008425,大阪府大阪市西成区萩之茶屋2丁目５－８ペントハウス８　815号室 
M270008428,大阪府大阪市中央区瓦屋町２－１６－２６－６０２ 
M270008429,大阪府大阪市中央区瓦屋町２－１６－２６－７０１ 
M270008430,大阪府大阪市中央区瓦屋町２－１６－２６－８０１ 
M270008431,大阪府大阪市中央区瓦屋町２－１６－２６－１００６ 
M270008432,大阪府大阪市中央区上本町西２－５－１１ 
M270008438,大阪府大阪市浪速区恵美須西２－４－４ 
M270008440,大阪府大阪市浪速区日本橋東１丁目２－１４ロイヤルミナミ６０３ 
M270008448,大阪府大阪市浪速区戎本町２－４－３プライムハイツ８１０ 
M270008449,大阪府大阪市浪速区戎本町２－４－３プライムハイツ２１１ 
M270008451,大阪府大阪市浪速区戎本町２－４－３プライムハイツ５０６ 
M270008452,大阪府大阪市浪速区戎本町２－４－３プライムハイツ８０６ 
M270008453,大阪府大阪市浪速区戎本町２－４－３プライムハイツ６０８ 
M270008454,大阪府大阪市浪速区戎本町２－４－３プライムハイツ２１０ 
M270008484,大阪府大阪市港区南市岡３－５－５ 
M270008499,大阪府大阪市西区北堀江２－５－４ハイコート堀江６０５号 
M270008500,大阪府大阪市西区北堀江２－５－４ハイコート堀江８０５号 
M270008502,大阪府大阪市淀川区西中島５－１－８　日研ビル９０２ 
M270008506,大阪府大阪市淀川区西中島５－１－８　日研ビル８０１ 
M270008513,大阪府大阪市中央区島之内１－２１－２９－５０６ 
M270008518,大阪府大阪市浪速区難波中２－５－１５シティーライフナンバ３０２ 
M270008519,大阪府大阪市中央区日本橋２－１８－２０コスモトム日本橋Ⅱ２A 
M270008520,大阪府大阪市中央区日本橋２－１８－２０コスモトム日本橋Ⅱ２C 
M270008521,大阪府大阪市中央区日本橋２－１８－２０コスモトム日本橋Ⅱ４C 
M270008522,大阪府大阪市中央区日本橋２－１８－２０コスモトム日本橋Ⅱ６B 
M270008539,大阪府大阪市東成区東小橋２－４－２９ＭＯＮＤＯ－ＧＡＬＡＸＹ６０１ 
M270008540,大阪府大阪市東成区東小橋２－４－２９ＭＯＮＤＯ－ＧＡＬＡＸＹ６０２ 
M270008542,大阪府大阪市東成区東小橋２－４－２９ＭＯＮＤＯ－ＧＡＬＡＸＹ６０３ 
M270008543,大阪府大阪市東成区東小橋２－４－２９ＭＯＮＤＯ－ＧＡＬＡＸＹ６０４ 
M270008545,大阪府大阪市東成区東小橋２－４－２９ＭＯＮＤＯ－ＧＡＬＡＸＹ７０１ 
M270008554,大阪府大阪市東成区東小橋２－４－２９ＭＯＮＤＯ－ＧＡＬＡＸＹ７０２ 
M270008559,大阪府大阪市東成区東小橋２－４－２９ＭＯＮＤＯ－ＧＡＬＡＸＹ７０３ 
M270008570,大阪府大阪市中央区高津２－８－４シャトー大鉄603 
M270008571,大阪府大阪市浪速区芦原１－２－１　セレニテ難波西８０３号 
M270008572,大阪府大阪市中央区高津２－８－４シャトー大鉄601 
M270008573,大阪府大阪市浪速区芦原１－２－１　セレニテ難波西７０３号 
M270008574,大阪府大阪市中央区高津２－８－４シャトー大鉄501 
M270008575,大阪府大阪市中央区高津２－８－４シャトー大鉄901 
M270008598,大阪府大阪市浪速区元町２－１３－３ハクユウ元町６０１ 
M270008631,大阪府大阪市福島区玉川１－３－１３エスライズ堂島川３０１号 
M270008632,大阪府大阪市福島区玉川１－３－１３エスライズ堂島川３０２号 
M270008633,大阪府大阪市福島区玉川１－３－１３エスライズ堂島川４０４号 
M270008634,大阪府大阪市福島区玉川１－３－１３エスライズ堂島川６０２号 
M270008635,大阪府大阪市福島区玉川１－３－１３エスライズ堂島川６０４号 
M270008636,大阪府大阪市福島区玉川１－３－１３エスライズ堂島川７０１号 
M270008637,大阪府大阪市福島区玉川１－３－１３エスライズ堂島川９０３号 
M270008638,大阪府大阪市福島区玉川１－３－１３エスライズ堂島川１００１号 
M270008639,大阪府大阪市福島区玉川１－３－１３エスライズ堂島川１００３号 
M270008656,大阪府大阪市大正区三軒家東１－１１－３３大正橋第一ビル301,302,303 
M270008665,大阪府大阪市中央区瓦屋町１－１１－１５朱栄ビル４０１ 
M270008668,大阪府大阪市天王寺区東上町７－３Uro鶴橋１０２ 
M270008683,大阪府大阪市西区北堀江２－５－４ハイコート堀江３０５号 
M270008685,大阪府大阪市西区北堀江２－５－４ハイコート堀江３０３号 
M270008702,大阪府大阪市中央区島之内２－１７－２３　ＴＯＰ１ＮＩＰＰＯＮＢＡＳＨＩ３０３ 
M270008703,大阪府大阪市中央区島之内２－１７－２３　ＴＯＰ１ＮＩＰＰＯＮＢＡＳＨＩ２０３ 
M270008705,大阪府大阪市中央区島之内２－１７－２３　ＴＯＰ１ＮＩＰＰＯＮＢＡＳＨＩ６０３ 
M270008706,大阪府大阪市中央区島之内２－１７－２３　ＴＯＰ１ＮＩＰＰＯＮＢＡＳＨＩ７０３ 
M270008707,大阪府大阪市中央区島之内２－１７－２３　ＴＯＰ１ＮＩＰＰＯＮＢＡＳＨＩ８０３ 
M270008715,大阪府大阪市天王寺区東上町７－３Uro鶴橋１０３ 
M270008716,大阪府大阪市天王寺区東上町７－３Uro鶴橋１０５ 
M270008717,大阪府大阪市天王寺区東上町７－３Uro鶴橋２０２ 
M270008718,大阪府大阪市天王寺区東上町７－３Uro鶴橋２０３ 
M270008719,大阪府大阪市天王寺区東上町７－３Uro鶴橋２０５ 
M270008720,大阪府大阪市天王寺区東上町７－３Uro鶴橋２０６ 
M270008737,大阪府大阪市住吉区東粉浜３－３－９ 
M270008744,大阪府大阪市浪速区元町２－１３－３ハクユウ元町１００６ 
M270008745,大阪府大阪市旭区今市１－１－５千林ロイヤルハイツ２０６ 
M270008746,大阪府大阪市旭区今市１－１－５千林ロイヤルハイツ４０３ 
M270008747,大阪府大阪市旭区今市１－１－５千林ロイヤルハイツ４０５ 
M270008748,大阪府大阪市旭区今市１－１－５千林ロイヤルハイツ５０２ 
M270008749,大阪府大阪市旭区今市１－１－５千林ロイヤルハイツ５０６ 
M270008750,大阪府大阪市旭区今市１－１－５千林ロイヤルハイツ９０１ 
M270008751,大阪府大阪市西成区天下茶屋２－１９－１６ 
M270008752,大阪府大阪市旭区今市１－１－５千林ロイヤルハイツ１００５ 
M270008759,大阪府大阪市中央区日本橋２－１０－７BMランド２０２ 
M270008760,大阪府大阪市中央区日本橋２－１０－７BMランド５０３ 
M270008761,大阪府大阪市中央区日本橋２－１０－７BMランド４０１ 
M270008762,大阪府大阪市中央区日本橋２－１０－７BMランド２０３ 
M270008764,大阪府大阪市中央区日本橋２－１０－７BMランド２０５ 
M270008765,大阪府大阪市中央区日本橋２－１０－７BMランド３０７ 
M270008766,大阪府大阪市中央区日本橋２－１０－７BMランド４０２ 
M270008768,大阪府大阪市中央区日本橋２－１０－７BMランド４０４ 
M270008769,大阪府大阪市中央区日本橋２－１０－７BMランド４０５ 
M270008771,大阪府大阪市中央区日本橋２－１０－７BMランド４０７ 
M270008772,大阪府大阪市中央区日本橋２－１０－７BMランド５０４ 
M270008773,大阪府大阪市中央区日本橋２－１０－７BMランド６０２ 
M270008775,大阪府大阪市中央区日本橋２－１０－７BMランド６０３ 
M270008776,大阪府大阪市中央区日本橋２－１０－７BMランド６０４ 
M270008777,大阪府大阪市中央区日本橋２－１０－７BMランド６０５ 
M270008788,大阪府大阪市中央区千日前２－３－１セブンマンション502 
M270008789,大阪府大阪市天王寺区東上町７－３Uro鶴橋３０２ 
M270008791,大阪府大阪市北区大淀中３－７－５大淀ハイツ２０３ 
M270008792,大阪府大阪市天王寺区東上町７－３Uro鶴橋３０３ 
M270008794,大阪府大阪市天王寺区東上町７－３Uro鶴橋３０５ 
M270008795,大阪府大阪市北区大淀中３－７－５大淀ハイツ２０５ 
M270008797,大阪府大阪市天王寺区東上町７－３Uro鶴橋３０６ 
M270008798,大阪府大阪市北区大淀中３－７－５大淀ハイツ３０２ 
M270008799,大阪府大阪市北区大淀中３－７－５大淀ハイツ４０７ 
M270008800,大阪府大阪市天王寺区東上町７－３Uro鶴橋４０２ 
M270008801,大阪府大阪市天王寺区東上町７－３Uro鶴橋４０３ 
M270008802,大阪府大阪市天王寺区東上町７－３Uro鶴橋４０５ 
M270008803,大阪府大阪市天王寺区東上町７－３Uro鶴橋４０６ 
M270008805,大阪府大阪市生野区新今里４－２－１３　２F 
M270008806,大阪府大阪市天王寺区東上町７－３Uro鶴橋５０２ 
M270008807,大阪府大阪市天王寺区東上町７－３Uro鶴橋５０３ 
M270008808,大阪府大阪市天王寺区東上町７－３Uro鶴橋５０５ 
M270008810,大阪府大阪市天王寺区東上町７－３Uro鶴橋５０６ 
M270008816,大阪府大阪市東淀川区西淡路１－１－２８　ライオンズマンション新大阪４０３ 
M270008817,大阪府大阪市中央区島之内２－５－３１ＴＳマンション２０５ 
M270008818,大阪府大阪市東淀川区西淡路１－１－２８　ライオンズマンション新大阪６０４ 
M270008819,大阪府大阪市東淀川区西淡路１－１－２８　ライオンズマンション新大阪６０３ 
M270008820,大阪府大阪市中央区島之内２－５－３１ＴＳマンション４０３ 
M270008821,大阪府大阪市東淀川区西淡路１－１－２８　ライオンズマンション新大阪９０３ 
M270008822,大阪府大阪市東淀川区西淡路１－１－２８　ライオンズマンション新大阪６０２ 
M270008823,大阪府大阪市東住吉区住道矢田１－１９－２３ 
M270008825,大阪府大阪市浪速区下寺３－１８－５グリーンビュー天王寺３０1 
M270008826,大阪府大阪市浪速区下寺３－１８－５グリーンビュー天王寺３０2 
M270008856,大阪府大阪市浪速区難波中２－５－１５シティライフナンバ５０１ 
M270008858,大阪府大阪市港区築港１－１３－３３　ゼブラ１０３ 
M270008859,大阪府大阪市港区築港１－１３－３３　ゼブラ１０４ 
M270008860,大阪府大阪市天王寺区東上町７－３Uro鶴橋６０１ 
M270008861,大阪府大阪市天王寺区東上町７－３Uro鶴橋６０２ 
M270008862,大阪府大阪市中央区千日前１－６－６明日香ビル３９ 
M270008863,大阪府大阪市西区九条２－７－５ 
M270008864,大阪府大阪市中央区千日前１－６－６明日香ビル４６ 
M270008865,大阪府大阪市中央区千日前１－６－６明日香ビル５２ 
M270008866,大阪府大阪市中央区千日前１－６－６明日香ビル５８ 
M270008868,大阪府大阪市天王寺区東上町７－３Uro鶴橋６０３ 
M270008870,大阪府大阪市天王寺区東上町７－３Uro鶴橋６０５ 
M270008883,大阪府大阪市天王寺区東上町７－３Uro鶴橋６０６ 
M270008903,大阪府大阪市北区天神橋４－１１－２０天神橋ハイツ３０１ 
M270008906,大阪府大阪市北区天神橋４－１１－２０天神橋ハイツ３０２ 
M270008911,大阪府大阪市浪速区元町１－３－１２ 
M270008913,大阪府大阪市中央区高津２－８－４　シャトー大鉄８０１ 
M270008914,大阪府大阪市福島区福島６－１６－１３ 
M270008963,大阪府大阪市中央区島之内１－４－２　メルシアター203 
M270008971,大阪府大阪市中央区西心斎橋２－８－２９　澤井マンション205 
M270008974,大阪府大阪市中央区西心斎橋２－８－２９　澤井マンション703 
M270008975,大阪府大阪市中央区西心斎橋２－８－２９　澤井マンション702 
M270008977,大阪府大阪市中央区西心斎橋２－８－２９　澤井マンション802 
M270008979,大阪府大阪市中央区島之内２－２－１５　オデッサ401 
M270008982,大阪府大阪市中央区島之内２－２－１５　オデッサ402 
M270008985,大阪府大阪市中央区島之内２－２－１５　オデッサ802 
M270008986,大阪府大阪市城東区中浜３－１５－１８ 
M270008987,大阪府大阪市浪速区元町２－１１－１５明大八坂マンション3F 
M270008990,大阪府大阪市浪速区元町２－１１－１５明大八坂マンション2F 
M270008992,大阪府大阪市浪速区元町２－１１－１５明大八坂マンション4F 
M270008993,大阪府大阪市浪速区元町２－１１－１５明大八坂マンション5F 
M270008996,大阪府大阪市浪速区元町２－１１－１５明大八坂マンション7F 
M270008997,大阪府大阪市浪速区元町２－１１－１５明大八坂マンション6F 
M270009002,大阪府大阪市中央区島之内１－２１－２９ルミエール長堀橋４０５ 
M270009003,大阪府大阪市中央区島之内１－２１－２９ルミエール長堀橋５０５ 
M270009004,大阪府大阪市中央区島之内１－２１－２９ルミエール長堀橋６０１ 
M270009005,大阪府大阪市中央区島之内１－２１－２９ルミエール長堀橋６０６ 
M270009006,大阪府大阪市中央区島之内１－２１－２９ルミエール長堀橋８０５ 
M270009007,大阪府大阪市中央区島之内１－２１－２９ルミエール長堀橋９０３ 
M270009008,大阪府大阪市中央区島之内１－２１－２９ルミエール長堀橋１００２ 
M270009009,大阪府大阪市中央区島之内１－２１－２９ルミエール長堀橋１１０１ 
M270009010,大阪府大阪市中央区島之内１－２１－２９ルミエール長堀橋１１０４ 
M270009011,大阪府大阪市中央区島之内１－２１－２９ルミエール長堀橋１１０５ 
M270009012,大阪府大阪市中央区島之内１－２１－２９ルミエール長堀橋１２０１ 
M270009036,大阪府大阪市中央区瓦屋町２－１６－２６ポムドパン松屋町９０２ 
M270009038,大阪府大阪市天王寺区東上町７－３Uro鶴橋７０１ 
M270009039,大阪府大阪市天王寺区東上町７－３Uro鶴橋７０２ 
M270009040,大阪府大阪市天王寺区東上町７－３Uro鶴橋７０３ 
M270009041,大阪府大阪市天王寺区東上町７－３Uro鶴橋７０５ 
M270009042,大阪府大阪市天王寺区東上町７－３Uro鶴橋７０６ 
M270009088,大阪府大阪市中央区高津２－３－１３シャトー乃一202 
M270009089,大阪府大阪市中央区高津２－３－１３シャトー乃一302  
M270009096,大阪府大阪市浪速区芦原１－２－１セレニテ難波西８０７ 
M270009097,大阪府大阪市中央区島之内２－６－６　アロンデール３０１号 
M270009098,大阪府大阪市中央区島之内２－６－６　アロンデール４０６号 
M270009104,大阪府大阪市浪速区恵美須西１－５－６レフィナード４０２ 
M270009105,大阪府大阪市浪速区恵美須西１－５－６レフィナード５０３ 
M270009106,大阪府大阪市浪速区日本橋５－２１－９　カモンハイツ２０３ 
M270009107,大阪府大阪市浪速区日本橋５－２１－９　カモンハイツ１０５ 
M270009116,大阪府大阪市浪速区大国３－２－３０センチュリー大国１００１ 
M270009119,大阪府大阪市浪速区元町２－１３－３ハクユウ元町８０６ 
M270009131,大阪府大阪市中央区島之内２－２－１５　コーポシャペル602 
M270009138,大阪府大阪市浪速区難波中２－５－１５　シティーライフナンバ４０２ 
M270009140,大阪府大阪市東淀川区東中島１－２０－１２ユニゾーン新大阪４２２ 
M270009162,大阪府大阪市西成区天下茶屋１－２－３　ＯＬＦＥＡ今船駅前１０２ 
M270009163,大阪府大阪市西成区天下茶屋１－２－３　ＯＬＦＥＡ今船駅前２０１ 
M270009164,大阪府大阪市西成区天下茶屋１－２－３　ＯＬＦＥＡ今船駅前２０２ 
M270009165,大阪府大阪市西成区天下茶屋１－２－３　ＯＬＦＥＡ今船駅前１０１ 
M270009168,大阪府大阪市天王寺区東上町７－３Uro鶴橋８０１ 
M270009169,大阪府大阪市天王寺区東上町７－３Uro鶴橋８０２ 
M270009170,大阪府大阪市天王寺区東上町７－３Uro鶴橋８０３ 
M270009171,大阪府大阪市天王寺区東上町７－３Uro鶴橋８０５ 
M270009172,大阪府大阪市天王寺区東上町７－３Uro鶴橋８０６ 
M270009173,大阪府大阪市港区市岡４－３－２５ 
M270009174,大阪府大阪市中央区島之内１－１３－３おおきに東心斎橋ビル５０１ 
M270009175,大阪府大阪市中央区島之内１－１３－３おおきに東心斎橋ビル１００１ 
M270009176,大阪府大阪市中央区島之内１－１３－３おおきに東心斎橋ビル１１０２ 
M270009177,大阪府大阪市中央区島之内１－１３－３おおきに東心斎橋ビル１２０３ 
M270009178,大阪府大阪市中央区島之内１－１３－３おおきに東心斎橋ビル１１０１ 
M270009179,大阪府大阪市中央区島之内１－１３－３おおきに東心斎橋ビル７０１ 
M270009180,大阪府大阪市中央区東心斎橋２－２－１２　ＥＸＥ東心斎橋３０５，３０６，３０７，３０８，４０５，４０６，４０７，４０８，５０５，５０６，５０７，５０８，６０５，６０６，６０７，６０８ 
M270009187,大阪府大阪市西成区天下茶屋２－９－１０ 
M270009189,大阪府大阪市浪速区下寺３－１８－５　グリーンビュー天王寺７０１ 
M270009205,大阪府大阪市中央区北久宝寺町１－３－２ R-Stay HONMACHI 2B 
M270009208,大阪府大阪市中央区北久宝寺町１－３－２ R-Stay HONMACHI 3B 
M270009209,大阪府大阪市中央区北久宝寺町１－３－２ R-Stay HONMACHI 4B 
M270009210,大阪府大阪市中央区北久宝寺町１－３－２ R-Stay HONMACHI 5B 
M270009211,大阪府大阪市中央区北久宝寺町１－３－２ R-Stay HONMACHI 6B 
M270009275,大阪府大阪市大正区三軒家西２－１５－１３－１０３ 
M270009276,大阪府大阪市大正区三軒家西２－１５－１３－２０１ 
M270009277,大阪府大阪市大正区三軒家西２－１５－１３－２０２ 
M270009278,大阪府大阪市大正区三軒家西２－１５－１３－３０１ 
M270009279,大阪府大阪市大正区三軒家西２－１５－１３－３０２ 
M270009280,大阪府大阪市中央区高津３－１５－９　エグゼ難波東３０６ 
M270009281,大阪府大阪市大正区三軒家西２－１５－１３－３０３ 
M270009288,大阪府大阪市中央区日本橋２－１８－２０コスモトム日本橋Ⅱ３Ａ、３B、４Ａ 
M270009322,大阪府大阪市中央区東心斎橋２－３－４　エムズビレッジ101号室 
M270009323,大阪府大阪市中央区東心斎橋２－３－４　エムズビレッジ304号室 
M270009362,大阪府大阪市港区夕凪1－9－17アッシュコート夕凪２E 
M270009363,大阪府大阪市港区夕凪1－9－17アッシュコート夕凪２F 
M270009364,大阪府大阪市港区夕凪1－9－17アッシュコート夕凪３A 
M270009366,大阪府大阪市港区夕凪1－9－17アッシュコート夕凪４A 
M270009367,大阪府大阪市港区夕凪1－9－17アッシュコート夕凪４B 
M270009368,大阪府大阪市港区夕凪1－9－17アッシュコート夕凪４H 
M270009369,大阪府大阪市港区夕凪1－9－17アッシュコート夕凪５A 
M270009370,大阪府大阪市港区夕凪1－9－17アッシュコート夕凪５E 
M270009372,大阪府大阪市港区夕凪1－9－17アッシュコート夕凪５F 
M270009373,大阪府大阪市港区夕凪1－9－17アッシュコート夕凪５H 
M270009374,大阪府大阪市中央区高津３－１５－９エグゼ難波東５０６ 
M270009375,大阪府大阪市港区夕凪1－9－17アッシュコート夕凪６A 
M270009376,大阪府大阪市港区夕凪1－9－17アッシュコート夕凪６B  
M270009377,大阪府大阪市港区夕凪1－9－17アッシュコート夕凪６C 
M270009382,大阪府大阪市平野区平野本町３－３－７　２、３階 
M270009399,大阪府大阪市浪速区元町１－２－２２　明星荘2 
M270009401,大阪府大阪市浪速区元町１－２－２２　明星荘8 
M270009402,大阪府大阪市中央区日本橋１－１６－３ジェイドレジデンス３０３ 
M270009403,大阪府大阪市中央区日本橋１－１６－３ジェイドレジデンス２０３ 
M270009406,大阪府大阪市中央区日本橋１－１６－３ジェイドレジデンス３０１ 
M270009407,大阪府大阪市中央区日本橋１－１６－３ジェイドレジデンス３０２ 
M270009412,大阪府大阪市中央区日本橋１－１６－３ジェイドレジデンス２０１ 
M270009413,大阪府大阪市中央区日本橋１－１６－３ジェイドレジデンス２０２ 
M270009414,大阪府大阪市生野区新今里６－１３－５－２Ｆ 
M270009418,大阪府大阪市浪速区敷津西２－１３－１４メゾンヘルム３０３ 
M270009419,大阪府大阪市西成区天下茶屋１－２－３　ＯＬＦＥＡ今船駅前３０２ 
M270009420,大阪府大阪市西成区天下茶屋１－２－３　ＯＬＦＥＡ今船駅前３０１ 
M270009422,大阪府大阪市浪速区桜川２－９－２４セレーノマンション１０２ 
M270009424,大阪府大阪市浪速区桜川２－９－２４セレーノマンション２０１ 
M270009425,大阪府大阪市浪速区桜川２－９－２４セレーノマンション２０２ 
M270009426,大阪府大阪市浪速区桜川２－９－２４セレーノマンション３０１ 
M270009427,大阪府大阪市浪速区桜川２－９－２４セレーノマンション３０２ 
M270009428,大阪府大阪市浪速区桜川２－９－２４セレーノマンション５０２ 
M270009429,大阪府大阪市浪速区桜川２－９－２４セレーノマンション６０２ 
M270009437,大阪府大阪市中央区島之内１－１４－３ 
M270009438,大阪府大阪市西成区萩之茶屋2丁目５－８ペントハウス８　４１１号室 
M270009439,大阪府大阪市西成区萩之茶屋2丁目５－８ペントハウス８　６０３号室 
M270009467,大阪府大阪市浪速区戎本町１－７－２６ジェイプライド難波南３０１、５０１、６０４、７０４、９０４、１００１、１００４ 
M270009468,大阪府大阪市浪速区敷津西２－２－１０ヴェローノ大国９０１ 
M270009469,大阪府大阪市浪速区桜川３－４－１７セレッソ難波西２０２ 
M270009470,大阪府大阪市浪速区桜川３－４－１７セレッソ難波西４０３ 
M270009471,大阪府大阪市浪速区桜川３－４－１７セレッソ難波西１０１ 
M270009472,大阪府大阪市浪速区桜川３－４－１７セレッソ難波西５０２ 
M270009473,大阪府大阪市浪速区桜川３－４－１７セレッソ難波西２０１ 
M270009475,大阪府大阪市浪速区敷津西１－１１－８ファミール錦水１０１、６０５ 
M270009476,大阪府大阪市中央区瓦屋町２－１６－２ポムドパン松屋町５０１ 
M270009477,大阪府大阪市中央区瓦屋町２－１６－２ポムドパン松屋町４０３ 
M270009481,大阪府大阪市中央区島之内１－１４－３１スナダビル５ 
M270009482,大阪府大阪市浪速区稲荷１－１０－３エムテック稲荷１０２ 
M270009483,大阪府大阪市浪速区稲荷１－１０－３エムテック稲荷１０３ 
M270009484,大阪府大阪市浪速区稲荷１－１０－３エムテック稲荷２０１ 
M270009485,大阪府大阪市浪速区稲荷１－１０－３エムテック稲荷３０２ 
M270009494,大阪府大阪市浪速区稲荷１－１０－３エムテック稲荷３０６ 
M270009495,大阪府大阪市浪速区稲荷１－１０－３エムテック稲荷４０２ 
M270009496,大阪府大阪市浪速区稲荷１－１０－３エムテック稲荷５０３ 
M270009497,大阪府大阪市浪速区稲荷１－１０－３エムテック稲荷５０４ 
M270009498,大阪府大阪市浪速区稲荷１－１０－３エムテック稲荷７０２ 
M270009506,大阪府大阪市東成区中本５－１０－４ 
M270009510,大阪府大阪市中央区東心斎橋２－２－１２　ＥＸＥ東心斎橋７０５，７０６，７０７，７０８，８０５，８０６，８０７，８０８，９０５，９０６，９０７，９０８，１００５，１００６，１００７，１００８ 
M270009511,大阪府大阪市中央区東心斎橋２－２－１２　ＥＸＥ東心斎橋１１０５，１１０６，１１０７，１１０８，１２０５，１２０６，１２０７，１２０８，１３０５，１３０６，１３０７，１３０８ 
M270009515,大阪府大阪市浪速区大国３-７-７ナオシス大国町２０３ 
M270009554,大阪府大阪市中央区千日前１－９－２０千日前オレンジビル４０１号 
M270009557,大阪府大阪市中央区千日前１－９－２０千日前オレンジビル３０２号 
M270009558,大阪府大阪市西区新町３－１０－２１アーバンプラザ６００３ 
M270009559,大阪府大阪市浪速区下寺２－４－１２　エスケイビル３階 
M270009560,大阪府大阪市浪速区下寺２－４－１２　エスケイビル６階 
M270009561,大阪府大阪市北区池田町１－２３　ペガサスマンション１０１ 
M270009562,大阪府大阪市浪速区敷津西１－５－２０　ラフィナート５０３、５０４、６０１、６０２、７０２、７０３、７０４ 
M270009580,大阪府大阪市生野区小路東２－７－１５パール小路４０１ 
M270009581,大阪府大阪市浪速区日本橋４－３－１３プランドール難波1104 
M270009619,大阪府大阪市浪速区芦原１－２－１　セレニテ難波西６０５号 
M270009620,大阪府大阪市浪速区芦原１－２－１　セレニテ難波西１００８号 
M270009622,大阪府大阪市浪速区芦原１－２－１　セレニテ難波西４１０号 
M270009624,大阪府大阪市浪速区芦原１－２－１　セレニテ難波西３０３号 
M270009637,大阪府大阪市中央区島之内２－２－１５　オデッサ202 
M270009638,大阪府大阪市中央区島之内２－２－１５　オデッサ801 
M270009640,大阪府大阪市中央区島之内２－６－６　アロンデール７０２号 
M270009652,大阪府大阪市浪速区敷津西２－２－１０　ヴェローノ大国４０３ 
M270009653,大阪府大阪市浪速区敷津西２－２－１０　ヴェローノ大国５０１ 
M270009654,大阪府大阪市浪速区元町２－１３－３　ハクユウ元町７０１ 
M270009655,大阪府大阪市浪速区元町２－１３－３　ハクユウ元町６０３ 
M270009663,大阪府大阪市中央区島之内１－２１－３０アスティオンカズ４０２号 
M270009677,大阪府大阪市中央区高津3-9-5　第二高津グローリーハイツ４００６ 
M270009678,大阪府大阪市中央区高津3-9-5　第二高津グローリーハイツ５００３ 
M270009679,大阪府大阪市中央区高津3-9-5　第二高津グローリーハイツ５００５ 
M270009681,大阪府大阪市中央区高津3-9-5　第二高津グローリーハイツ５００６ 
M270009683,大阪府大阪市中央区高津3-9-5　第二高津グローリーハイツ６００６ 
M270009685,大阪府大阪市中央区高津3-9-5　第二高津グローリーハイツ７００３ 
M270009686,大阪府大阪市中央区高津3-9-5　第二高津グローリーハイツ７００４ 
M270009687,大阪府大阪市中央区高津3-9-5　第二高津グローリーハイツ８００２ 
M270009737,大阪府大阪市中央区日本橋２－１７－２アリタクローバーハイツ１０２ 
M270009738,大阪府大阪市中央区日本橋２－１７－１１ラフィーヌ日本橋１０１ 
M270009748,大阪府大阪市福島区鷺洲３－１０－２９ 
M270009752,大阪府大阪市淀川区十三東３－１４－１３ 
M270009786,大阪府大阪市浪速区日本橋４－１５－４メゾンディンプル３０２ 
M270009791,大阪府大阪市浪速区日本橋東１－１０－７　俺ベコビル３F 
M270009792,大阪府大阪市浪速区大国３－２－３０　センチュリー大国６０１ 
M270009849,大阪府大阪市西成区橘３－１４－８ 
M270009853,大阪府大阪市生野区生野西４－８－２５ 
M270009858,大阪府大阪市中央区日本橋２－１７－１１ラフィーヌ日本橋７０１ 
M270009859,大阪府大阪市中央区日本橋２－１７－１１ラフィーヌ日本橋６０１ 
M270009860,大阪府大阪市中央区日本橋２－１７－１１ラフィーヌ日本橋４０１ 
M270009863,大阪府大阪市中央区島之内２－６－６　アロンデール３０５ 
M270009864,大阪府大阪市中央区日本橋１－２０－９上東ビル４０１，４０５ 
M270009868,大阪府大阪市生野区桃谷２－２２－３３ 
M270009869,大阪府大阪市平野区流町３－１７－９ 
M270009871,大阪府大阪市淀川区東三国５－１２－１０　エンシンビル401 
M270009872,大阪府大阪市中央区島之内１－２１－２９ルミエール長堀橋３０１ 
M270009873,大阪府大阪市中央区島之内１－２１－２９ルミエール長堀橋６０７ 
M270009881,大阪府大阪市北区大淀中３－７－５大淀ハイツ３０１ 
M270009882,大阪府大阪市北区大淀中３－７－５大淀ハイツ５０１ 
M270009883,大阪府大阪市北区大淀中３－７－５大淀ハイツ５０７ 
M270009884,大阪府大阪市北区大淀中３－７－５大淀ハイツ７０６ 
M270009885,大阪府大阪市北区大淀中３－７－５大淀ハイツ７０７ 
M270009886,大阪府大阪市浪速区日本橋５－２１－９カモンハイツ１０６ 
M270009887,大阪府大阪市浪速区日本橋５－２１－９カモンハイツ１０３ 
M270009888,大阪府大阪市浪速区日本橋５－２１－９カモンハイツ２０１ 
M270009914,大阪府大阪市中央区島之内２－６－６　アロンデール７０３ 
M270009915,大阪府大阪市中央区島之内２－６－６　アロンデール１００１ 
M270009916,大阪府大阪市中央区島之内２－６－６　アロンデール５０５ 
M270009917,大阪府大阪市中央区島之内２－６－６　アロンデール４０１ 
Ｍ270009951大阪府大阪市,阿倍野区阪南町１－１２－３新宿津石ビル２０１ 
Ｍ270009953大阪府大阪市,阿倍野区阪南町１－１２－３新宿津石ビル３０１ 
Ｍ270009954大阪府大阪市,阿倍野区阪南町１－１２－３新宿津石ビル３０３ 
Ｍ270009956大阪府大阪市,阿倍野区阪南町１－１２－３新宿津石ビル４０２ 
Ｍ270009957大阪府大阪市,阿倍野区阪南町１－１２－３新宿津石ビル４０３ 
Ｍ270009958大阪府大阪市,阿倍野区阪南町１－１２－３新宿津石ビル５０１ 
Ｍ270009959大阪府大阪市,阿倍野区阪南町１－１２－３新宿津石ビル５０２ 
M270009981,大阪府大阪市中央区島之内２－６－６　アロンデール２０１ 
M270009982,大阪府大阪市中央区島之内２－６－６　アロンデール２０２ 
M270009983,大阪府大阪市中央区島之内２－６－６　アロンデール７０５ 
M270009985,大阪府大阪市中央区島之内２－６－６　アロンデール１００２ 
M270009987,大阪府大阪市中央区島之内２－６－６　アロンデール１００３ 
M270009996,大阪府大阪市中央区谷町5丁目６－３３　メルシアター５０１ 
M270009997,大阪府大阪市中央区谷町5丁目６－３３　メルシアター６０１ 
M270010013,大阪府大阪市生野区鶴橋２－１１－１３ 
M270010024,大阪府大阪市中央区島之内２－６－６　アロンデール３０２ 
M270010025,大阪府大阪市中央区島之内２－６－６　アロンデール２０３ 
M270010055,大阪府大阪市大正区三軒家西３－４－１６中山ビル2階 
M270010060,大阪府大阪市中央区島之内２－６－６　アロンデール５０３ 
M270010061,大阪府大阪市中央区島之内２－６－６　アロンデール５０２ 
M270010062,大阪府大阪市中央区島之内２－６－６　アロンデール５０１ 
M270010063,大阪府大阪市中央区島之内２－６－６　アロンデール４０５ 
M270010064,大阪府大阪市中央区島之内２－６－６　アロンデール３０３ 
M270010149,大阪府大阪市天王寺区堀越町５－１７ 
M270010176,大阪府大阪市浪速区幸町２－３－２０スイス難波西１３０１ 
M270010177,大阪府大阪市浪速区幸町２－３－２０スイス難波西１３０２ 
M270010178,大阪府大阪市浪速区幸町２－３－２０スイス難波西１３０４ 
M270010180,大阪府大阪市浪速区幸町２－３－２０スイス難波西１３０５ 
M270010182,大阪府大阪市浪速区幸町２－３－２０スイス難波西１３０８ 
M270010183,大阪府大阪市浪速区幸町２－３－２０スイス難波西１３１１ 
M270010184,大阪府大阪市浪速区幸町２－３－２０スイス難波西１３１２ 
M270010185,大阪府大阪市浪速区幸町２－３－２０スイス難波西１３１３ 
M270010186,大阪府大阪市浪速区幸町２－３－２０スイス難波西１３１４ 
M270010187,大阪府大阪市浪速区幸町２－３－２０スイス難波西１３１５ 
M270010201,大阪府大阪市中央区船越町２－３－１５－６０１ 
M270010203,大阪府大阪市生野区生野西４－２２－１５ 
M270010211,大阪府大阪市浪速区日本橋西１－４－１１カタオビル５０１ 
M270010233,大阪府大阪市西成区山王１－９－６リージェント天王寺４０５ 
M270010235,大阪府大阪市西成区山王１－９－６リージェント天王寺８０１ 
M270010269,大阪府大阪市西成区花園北１－６－１６スイス難波南５０７ 
M270010271,大阪府大阪市西成区花園北１－６－１６スイス難波南５１６ 
M270010275,大阪府大阪市西成区花園北１－６－１６スイス難波南６１０ 
M270010278,大阪府大阪市西成区花園北１－６－１６スイス難波南７１５ 
M270010282,大阪府大阪市西成区花園北１－６－１６スイス難波南８０１ 
M270010284,大阪府大阪市西成区花園北１－６－１６スイス難波南８２０ 
M270010286,大阪府大阪市西成区花園北１－６－１６スイス難波南９０２ 
M270010289,大阪府大阪市浪速区難波中２－５－１５シティライフ難波６０２ 
M270010290,大阪府大阪市浪速区難波中２－５－１５シティライフ難波６０３ 
M270010291,大阪府大阪市北区同心２－１５－８カーサリック同心１００３ 
M270010292,大阪府大阪市北区同心２－１５－８カーサリック同心２０４ 
M270010300,大阪府大阪市住吉区長居西１－１１－２ 
M270010303,大阪府大阪市住吉区帝塚山中１－５－２９帝塚山サンコーポユウ３Ａ 
M270010329,大阪府大阪市東淀川区西淡路1-1-28  ライオンズマンション新大阪207 
M270010331,大阪府大阪市東成区東小橋３－６－３１ 
M270010332,大阪府大阪市中央区高津３－３－２２ 
M270010351,大阪府大阪市中央区島之内２－８－３４中西ビル４０１ 
M270010352,大阪府大阪市西成区松２－４－９ 
M270010359,大阪府大阪市浪速区恵美須西１－５－６レフィナード恵美須２０１ 
M270010360,大阪府大阪市浪速区恵美須西１－５－６レフィナード恵美須７０１ 
M270010361,大阪府大阪市浪速区元町２－１３－３ハクユウ元町４０５ 
M270010363,大阪府大阪市北区天満３－４－８ブエナビスタ天満橋２０１ 
M270010388,大阪府大阪市西成区中開１－３－２３アメニティ愛寿４０９ 
M270010396,大阪府大阪市浪速区日本橋東１－１２－１２レジェンド日本橋東２０４、４０１、５０１、５０２、６０３ 
M270010420,大阪府大阪市浪速区元町２－８－３２　２０１、３０１、４０１、５０１、６０１ 
M270010421,大阪府大阪市浪速区元町２－８－３２　１０１、２０２、３０２、４０２、５０２、６０２ 
M270010451,大阪府大阪市中央区南久宝寺町１－８－１０Romi　Sky南久宝寺３０３ 
M270010452,大阪府大阪市中央区南久宝寺町１－８－１０Romi　Sky南久宝寺４０３ 
M270010453,大阪府大阪市中央区南久宝寺町１－８－１０Romi　Sky南久宝寺６０３ 
M270010454,大阪府大阪市中央区南久宝寺町１－８－１０Romi　Sky南久宝寺1003 
M270010455,大阪府大阪市中央区高津３－３－２７アルカディアEF202 
M270010456,大阪府大阪市中央区高津３－３－２７アルカディアEF302 
M270010457,大阪府大阪市中央区高津３－３－２７アルカディアEF503 
M270010459,大阪府大阪市中央区高津３－３－２７アルカディアEF306 
M270010460,大阪府大阪市中央区高津３－３－２７アルカディアEF506 
M270010461,大阪府大阪市中央区高津３－３－２７アルカディアEF402 
M270010462,大阪府大阪市住吉区帝塚山中１－５－２９帝塚山サンコーポユウ５Ａ 
M270010464,大阪府大阪市中央区高津３－３－２７アルカディアEF405 
M270010465,大阪府大阪市東淀川区東中島１－５－２５藤和シティコープ新大阪７０７ 
M270010466,大阪府大阪市中央区高津３－３－２７アルカディアEF408 
M270010467,大阪府大阪市中央区高津３－３－２７アルカディアEF501 
M270010468,大阪府大阪市中央区高津３－３－２７アルカディアEF602 
M270010469,大阪府大阪市中央区高津３－３－２７アルカディアEF603 
M270010470,大阪府大阪市中央区高津３－３－２７アルカディアEF607 
M270010471,大阪府大阪市中央区高津３－３－２７アルカディアEF702 
M270010472,大阪府大阪市中央区千日前１－９－８大ざわビルディング４Ｆ 
M270010473,大阪府大阪市中央区千日前１－９－８大ざわビルディング７Ｆ 
M270010484,大阪府大阪市中央区高津３－３－２７アルカディアEF502 
M270010486,大阪府大阪市西成区花園南１－７－２１　２０１ 
M270010487,大阪府大阪市西成区花園南１－７－２１　２０２ 
M270010507,大阪府大阪市浪速区難波中２－４－２スペース難波７０４ 
M270010508,大阪府大阪市浪速区難波中１－１６－１１レック難波ビル６０２ 
M270010509,大阪府大阪市浪速区難波中１－１６－１１レック難波ビル５０２ 
M270010591,大阪府大阪市浪速区下寺２－４－１７A 
M270010592,大阪府大阪市浪速区下寺２－４－１７B 
M270010594,大阪府大阪市此花区島屋３－１０－１６島屋ビル３０１ 
M270010595,大阪府大阪市此花区島屋３－１０－１６島屋ビル２０１ 
M270010597,大阪府大阪市北区堂山町１７－３イーグルビル４０１ 
M270010598,大阪府大阪市浪速区日本橋４－３－１３プランドール難波２０４ 
M270010599,大阪府大阪市浪速区日本橋４－３－１３プランドール難波７０４ 
M270010600,大阪府大阪市浪速区日本橋４－３－１３プランドール難波９０４ 
M270010602,大阪府大阪市北区天満３－４－８ブエナビスタ天満橋８０４ 
M270010603,大阪府大阪市北区天満３－４－８ブエナビスタ天満橋８０１ 
M270010611,大阪府大阪市東淀川区東淡路３－６－６ 
M270010622,大阪府大阪市中央区高津３－２－３１エスライズ日本橋２０４ 
M270010623,大阪府大阪市中央区日本橋２－１７－２アリタクローバーハイツ１０１ 
M270010624,大阪府大阪市中央区日本橋２－１７－２アリタクローバーハイツ５０２ 
M270010630,大阪府大阪市中央区日本橋２－１７－２アリタクローバーハイツ３０１ 
M270010635,大阪府大阪市中央区日本橋２－１７－２アリタクローバーハイツ３０３ 
M270010636,大阪府大阪市中央区日本橋２－１７－２アリタクローバーハイツ４０１ 
M270010637,大阪府大阪市中央区日本橋２－１７－２アリタクローバーハイツ４０３ 
M270010639,大阪府大阪市淀川区田川北１－８－５ 
M270010641,大阪府大阪市西区南堀江２－１－１７エーデルブルグ２０３ 
M270010642,大阪府大阪市中央区島之内１－１５－３１ 
M270010653,大阪府大阪市中央区日本橋２－１７－１１ラフィーヌ日本橋６０３ 
M270010654,大阪府大阪市中央区日本橋２－１７－１１ラフィーヌ日本橋３０１ 
M270010655,大阪府大阪市中央区日本橋２－１７－１１ラフィーヌ日本橋１０２ 
M270010660,大阪府大阪市都島区中野町４－２－１２　丸一マンションー５０１ 
M270010686,大阪府大阪市中央区日本橋２－１６－７ 1F 
M270010687,大阪府大阪市中央区日本橋２－１６－７ 2F 
M270010695,大阪府大阪市中央区日本橋２－１７－１１ラフィーヌ日本橋３０３ 
M270010696,大阪府大阪市中央区日本橋２－１７－１１ラフィーヌ日本橋３０２ 
M270010697,大阪府大阪市浪速区稲荷1－１１－８ 
M270010698,大阪府大阪市中央区日本橋２－１７－１１ラフィーヌ日本橋４０３ 
M270010730,大阪府大阪市中央区日本橋２－２－３上野マンション７０７号 
M270010731,大阪府大阪市中央区日本橋２－２－３上野マンション３０６号 
M270010736,大阪府大阪市浪速区日本橋４－１５－２０おおきにオタロードビル２０１ 
M270010737,大阪府大阪市浪速区日本橋４－１５－２０おおきにオタロードビル２０２ 
M270010739,大阪府大阪市浪速区日本橋４－１５－２０おおきにオタロードビル２０３ 
M270010740,大阪府大阪市浪速区日本橋４－１５－２０おおきにオタロードビル２０４ 
M270010741,大阪府大阪市浪速区日本橋４－１５－２０おおきにオタロードビル３０１ 
M270010742,大阪府大阪市浪速区日本橋４－１５－２０おおきにオタロードビル３０２ 
M270010743,大阪府大阪市浪速区日本橋４－１５－２０おおきにオタロードビル３０３ 
M270010744,大阪府大阪市浪速区日本橋４－１５－２０おおきにオタロードビル３０４ 
M270010745,大阪府大阪市浪速区日本橋４－１５－２０おおきにオタロードビル４０１ 
M270010746,大阪府大阪市浪速区日本橋４－１５－２０おおきにオタロードビル４０２ 
M270010747,大阪府大阪市浪速区日本橋４－１５－２０おおきにオタロードビル４０３ 
M270010748,大阪府大阪市浪速区日本橋４－１５－２０おおきにオタロードビル４０４ 
M270010749,大阪府大阪市浪速区日本橋４－１５－２０おおきにオタロードビル５０１ 
M270010750,大阪府大阪市浪速区日本橋４－１５－２０おおきにオタロードビル５０２ 
M270010751,大阪府大阪市浪速区日本橋４－１５－２０おおきにオタロードビル５０３ 
M270010752,大阪府大阪市浪速区日本橋４－１５－２０おおきにオタロードビル５０４ 
M270010762,大阪府大阪市西区北堀江２－５－４ハイコート堀江６０２ 
M270010783,大阪府大阪市西区北堀江２－５－４ハイコート堀江７０３ 
M270010789,大阪府大阪市西区北堀江２－５－４ハイコート堀江２０３ 
M270010793,大阪府大阪市西区北堀江２－５－４ハイコート堀江２０５ 
M270010818,大阪府大阪市西成区松１－５－３　アヴェンタドールエス３０２ 
M270010819,大阪府大阪市西成区松１－５－３　アヴェンタドールエス４０２ 
M270010820,大阪府大阪市西成区松１－５－３　アヴェンタドールエス５０２ 
M270010840,大阪府大阪市浪速区恵美須東１－３－１アロンディール恵美須Ⅱ７０１ 
M270010841,大阪府大阪市浪速区恵美須東１－３－１アロンディール恵美須Ⅱ７０２ 
M270010842,大阪府大阪市浪速区恵美須東１－３－１アロンディール恵美須Ⅱ８０１ 
M270010843,大阪府大阪市浪速区恵美須東１－３－１アロンディール恵美須Ⅱ８０２ 
M270010845,大阪府大阪市浪速区恵美須東１－３－１アロンディール恵美須Ⅱ６０２ 
M270010846,大阪府大阪市浪速区恵美須東１－３－１アロンディール恵美須Ⅱ６０３ 
M270010847,大阪府大阪市浪速区恵美須東１－３－１アロンディール恵美須Ⅱ５０３ 
M270010848,大阪府大阪市浪速区恵美須東１－３－１アロンディール恵美須Ⅱ５０２ 
M270010849,大阪府大阪市浪速区恵美須東１－３－１アロンディール恵美須Ⅱ５０１ 
M270010850,大阪府大阪市浪速区恵美須東１－３－１アロンディール恵美須Ⅱ４０３ 
M270010851,大阪府大阪市浪速区恵美須東１－３－１アロンディール恵美須Ⅱ４０２ 
M270010852,大阪府大阪市浪速区恵美須東１－３－１アロンディール恵美須Ⅱ４０１ 
M270010853,大阪府大阪市浪速区恵美須東１－３－１アロンディール恵美須Ⅱ３０３ 
M270010854,大阪府大阪市浪速区恵美須東１－３－１アロンディール恵美須Ⅱ３０２ 
M270010855,大阪府大阪市浪速区恵美須東１－３－１アロンディール恵美須Ⅱ３０１ 
M270010856,大阪府大阪市浪速区恵美須東１－３－１アロンディール恵美須Ⅱ２０３ 
M270010857,大阪府大阪市浪速区恵美須東１－３－１アロンディール恵美須Ⅱ２０２ 
M270010858,大阪府大阪市浪速区恵美須東１－３－１アロンディール恵美須Ⅱ２０１ 
M270010889,大阪府大阪市浪速区下寺３－１－３１　ＩＴＴ下寺ビル４０１，５０１ 
M270010890,大阪府大阪市中央区島之内１－２１－３０アスティオンカズ２０１ 
M270010896,大阪府大阪市中央区難波千日前５－３０－２０５ 
M270010898,大阪府大阪市中央区難波千日前５－３０－３０１ 
M270010907,大阪府大阪市淀川区新北野１－６－４あすかビル４０５ 
M270010912,大阪府大阪市中央区島之内１-２１－３０アスティオンカズ２０２ 
M270010922,大阪府大阪市都島区中野町３－３－２ハイツSakura２０１ 
M270010923,大阪府大阪市都島区中野町３－３－２ハイツSakura２０３ 
M270010924,大阪府大阪市東淀川区東中島１－２０－１２－６０３ 
M270010925,大阪府大阪市中央区島之内１－２１－２９ルミエール長堀橋１２０４ 
M270010926,大阪府大阪市中央区島之内１－２１－２９ルミエール長堀橋１２０２ 
M270010927,大阪府大阪市西成区山王２－１１－３モンテ山王１０１ 
M270010928,大阪府大阪市西成区山王２－１１－３モンテ山王２０１ 
M270010930,大阪府大阪市淀川区宮原１－１７－９クォーツＩＮＮ－Ⅰ　４０１ 
M270010931,大阪府大阪市淀川区宮原１－１７－９クォーツＩＮＮ－Ⅰ　４０３ 
M270010932,大阪府大阪市淀川区宮原１－１７－９クォーツＩＮＮ－Ⅰ　５０２ 
M270010933,大阪府大阪市淀川区宮原１－１７－９クォーツＩＮＮ－Ⅰ　５０５ 
M270010934,大阪府大阪市淀川区宮原１－１７－９クォーツＩＮＮ－Ⅰ　６０１ 
M270010935,大阪府大阪市淀川区宮原１－１７－９クォーツＩＮＮ－Ⅰ　７０１ 
M270010936,大阪府大阪市淀川区宮原１－１７－９クォーツＩＮＮ－Ⅰ　７０３ 
M270010942,大阪府大阪市淀川区西宮原２－５－３３クォーツＩＮＮ－Ⅱ　２０１ 
M270010943,大阪府大阪市淀川区西宮原２－５－３３クォーツＩＮＮ－Ⅱ　２０５ 
M270010944,大阪府大阪市淀川区西宮原２－５－３３クォーツＩＮＮ－Ⅱ　２０６ 
M270010945,大阪府大阪市淀川区西宮原２－５－３３クォーツＩＮＮ－Ⅱ　３０２ 
M270010946,大阪府大阪市淀川区西宮原２－５－３３クォーツＩＮＮ－Ⅱ　３０３ 
M270010947,大阪府大阪市淀川区西宮原２－５－３３クォーツＩＮＮ－Ⅱ　３０６ 
M270010948,大阪府大阪市淀川区西宮原２－５－３３クォーツＩＮＮ－Ⅱ　４０１ 
M270010949,大阪府大阪市淀川区西宮原２－５－３３クォーツＩＮＮ－Ⅱ　５０５ 
M270010950,大阪府大阪市淀川区西宮原２－５－３３クォーツＩＮＮ－Ⅱ　５０６ 
M270010951,大阪府大阪市淀川区西宮原２－５－３３クォーツＩＮＮ－Ⅱ　６０１ 
M270010952,大阪府大阪市淀川区西宮原２－５－３３クォーツＩＮＮ－Ⅱ　６０２ 
M270010954,大阪府大阪市淀川区西宮原２－５－３３クォーツＩＮＮ－Ⅱ　６０５ 
M270010955,大阪府大阪市淀川区西宮原２－５－３３クォーツＩＮＮ－Ⅱ　７０２ 
M270010956,大阪府大阪市淀川区西宮原２－５－３３クォーツＩＮＮ－Ⅱ　８０２ 
M270010957,大阪府大阪市淀川区西宮原２－５－３３クォーツＩＮＮ－Ⅱ　８０３ 
M270010958,大阪府大阪市淀川区西宮原２－５－３３クォーツＩＮＮ－Ⅱ　８０５ 
Ｍ270010962大阪府大阪市,生野区桃谷３－２－３１GROOVEみゆき公園２０４ 
Ｍ270010963大阪府大阪市,生野区桃谷３－２－３１GROOVEみゆき公園２０５ 
M270010973,大阪府大阪市浪速区恵美須西３－２－４栄光キリスト教ビル３０３ 
M270010974,大阪府大阪市浪速区恵美須西３－２－４栄光キリスト教ビル３０６ 
M270010975,大阪府大阪市浪速区恵美須西３－２－４栄光キリスト教ビル４０２ 
M270010976,大阪府大阪市浪速区恵美須西３－２－４栄光キリスト教ビル４０７ 
M270010977,大阪府大阪市浪速区恵美須西３－２－４栄光キリスト教ビル８０２ 
M270010978,大阪府大阪市浪速区元町２－１３－３ハクユウ元町１００３ 
M270010979,大阪府大阪市西成区萩之茶屋１－７－２コンフォートハイム１０１ 
M270010980,大阪府大阪市西成区萩之茶屋１－７－２コンフォートハイム１０２ 
M270010982,大阪府大阪市西成区萩之茶屋１－７－２コンフォートハイム１０３ 
M270010983,大阪府大阪市西成区萩之茶屋１－７－２コンフォートハイム１０５ 
M270010984,大阪府大阪市西成区萩之茶屋１－７－２コンフォートハイム１０６ 
M270010985,大阪府大阪市西成区萩之茶屋１－７－２コンフォートハイム２０１ 
M270010986,大阪府大阪市西成区萩之茶屋１－７－２コンフォートハイム２０２ 
M270010987,大阪府大阪市西成区萩之茶屋１－７－２コンフォートハイム２０３ 
M270010988,大阪府大阪市西成区萩之茶屋１－７－２コンフォートハイム２０５ 
M270010989,大阪府大阪市西成区萩之茶屋１－７－２コンフォートハイム２０６ 
M270010992,大阪府大阪市中央区難波千日前５－２９メゾンＫ３０号 
M270010993,大阪府大阪市中央区難波千日前５－２９メゾンＫ３２号 
M270011035,大阪府大阪市中央区北久宝寺町１－３－２ Ｒ-StayHONMACHI3A 
M270011036,大阪府大阪市中央区北久宝寺町１－３－２ Ｒ-StayHONMACHI4A 
M270011037,大阪府大阪市中央区北久宝寺町１－３－２ Ｒ-StayHONMACHI5A 
M270011038,大阪府大阪市中央区北久宝寺町１－３－２ Ｒ-StayHONMACHI6A 
M270011060,大阪府大阪市北区中崎西４－１－２６ 
M270011065,大阪府大阪市西区北堀江１－２２－１３北堀江１番館２０１ 
M270011067,大阪府大阪市西区北堀江１－２２－１３北堀江１番館２０６ 
M270011073,大阪府大阪市中央区東心斎橋２－３－４エムズビレッジ２０３ 
M270011074,大阪府大阪市中央区東心斎橋２－３－４エムズビレッジ３０３ 
M270011075,大阪府大阪市生野区桃谷４－４－５ 
M270011077,大阪府大阪市中央区東心斎橋１－２０－８　ＤＣビル３Ｆ６Ｆ７Ｆ 
