中央区月島3-5-5,中央区月島3-5-5,090-3817-2015
中央区八丁堀1-4-8 森田ビル4階,中央区八丁堀1-4-8 森田ビル4階,080-7849-1414
コンポジット日本橋三越前102号,中央区日本橋本町4-14-4 コンポジット日本橋三越前102号,03-6228-6485 
HSビル5F 501及び502,中央区日本橋人形町1-7-6 HSビル5F 501及び502,03-6380-9538 
中央区日本橋人形町2-13-11ＭＳビル,中央区日本橋人形町2-13-11 ＭＳビル,080-4290-6095
中央区佃2-7-5,中央区佃2-7-5,090-7940-3804
レジデンストーキョー築地102,中央区築地6-15-4 レジデンストーキョー築地102,090-5812-6126
レジデンストーキョー築地201,中央区築地6-15-4 レジデンストーキョー築地201,090-5812-6126
レジデンストーキョー築地202,中央区築地6-15-4 レジデンストーキョー築地202,090-5812-6126
レジデンストーキョー築地301,中央区築地6-15-4 レジデンストーキョー築地301,090-5812-6126
レジデンストーキョー築地302,中央区築地6-15-4 レジデンストーキョー築地302,090-5812-6126
スペースエアービル３階,中央区月島4-13-11 スペースエアービル３階,03-5547-0685 
スペースエアービル５階,中央区月島4-13-11 スペースエアービル５階,03-5547-0685 
