M130000457,東京都葛飾区高砂８－１０－９ 高砂コーポ 102
M130000562,東京都葛飾区東立石３－２９－１６
M130000987,東京都葛飾区東四つ木 ３－１４－２ A 号室
M130000988,東京都葛飾区東四つ木 ３－１４－２ B 号室
M130001411,東京都葛飾区堀切４－１３－５
M130001882,東京都葛飾区西亀有１－９－７
M130001902,東京都葛飾区亀有５－１７－８
M130001922,東京都葛飾区高砂３－１５－２
M130002086,東京都葛飾区水元３－２１－１５ フローラル金町
M130002147,東京都葛飾区東立石４－４５－６
M130002148,東京都葛飾区立石８－１３－１４
M130002229,東京都葛飾区お花茶屋１－１５－１４
M130002470,東京都葛飾区亀有３－５６－９
M130002502,東京都葛飾区奥戸２－２０－２０
M130002815,東京都葛飾区立石１－１７－１０
M130002826,東京都葛飾区鎌倉１－３６－１２
M130003004,東京都葛飾区金町４－２３－１１ ビバハイツ 202
M130003293,東京都葛飾区青戸５－１５－６
M130003436,東京都葛飾区新小岩１－１４－７
M130004078,東京都葛飾区四つ木１－１５－８
M130004296,東京都葛飾区新小岩４－６－５
M130005273,東京都葛飾区東四つ木４－２８－８
M130005447,東京都葛飾区高砂２－３２－６ コーポスズキ 101
M130005448,東京都葛飾区高砂２－３２－６ コーポスズキ 102
M130005449,東京都葛飾区高砂２－３２－６ コーポスズキ 201
M130005451,東京都葛飾区高砂２－３２－６ コーポスズキ 202
M130005452,東京都葛飾区高砂２－３２－６ コーポスズキ 301
M130005453,東京都葛飾区高砂２－３２－６ コーポスズキ 302
M130005569,東京都葛飾区立石６－１０－７
M130005697,東京都葛飾区東四つ木３－２２－１５
M130006150,東京都葛飾区東四つ木２－２２－２１
M130006151,東京都葛飾区東四つ木３－２２－１５
M130006536,東京都葛飾区立石４－８－３
M130006960,東京都葛飾区立石４－２７－４
M130007792,東京都葛飾区東四つ木１－２５－６ 201
M130007946,東京都葛飾区立石４－２０－９
M130007978,東京都葛飾区高砂８－１３－５ 101
M130007979,東京都葛飾区高砂８－１３－５ 102
M130007980,東京都葛飾区高砂８－１３－５ 103
M130007981,東京都葛飾区高砂８－１３－５ 201
M130007982,東京都葛飾区高砂８－１３－５ 202
M130007983,東京都葛飾区高砂８－１３－５ 203
M130008171,東京都葛飾区堀切４－２３－２
M130008900,東京都葛飾区堀切２－２３－９
M130008912,東京都葛飾区鎌倉４－２８－７
M130009084,東京都葛飾区高砂２－２１－１２
M130009907,東京都葛飾区東四つ木１－２５－６ 301
M130009919,東京都葛飾区立石８－１２－１３
M130009943,東京都葛飾区立石８－１２－１３
M130009946,東京都葛飾区柴又３－７－３ 305
M130010056,東京都葛飾区立石４－２－５
M130010606,東京都葛飾区宝町２－３２－１８ お花茶屋 103,106
M130010609,東京都葛飾区宝町２－３２－１８ お花茶屋 203,204
M130010808,東京都葛飾区四つ木１－７－２２
M130011208,東京都葛飾区青戸３－２０－１ 1F
M130011209,東京都葛飾区青戸３－２０－１ 2F
M130011210,東京都葛飾区東新小岩５－１０－６
M130011219,東京都葛飾区青戸３－２３－９
M130011634,東京都葛飾区堀切３�３２�１６ベヴェル菖蒲園 101
M130011635,東京都葛飾区堀切３�３２�１６ベヴェル菖蒲園 201
M130011636,東京都葛飾区堀切３�３２�１６ベヴェル菖蒲園 202
M130011637,東京都葛飾区堀切３�３２�１６ベヴェル菖蒲園 402
M130011638,東京都葛飾区堀切３�３２�１６ベヴェル菖蒲園 403
M130011639,東京都葛飾区堀切３�３２�１６ベヴェル菖蒲園 501
M130011640,東京都葛飾区堀切３�３２�１６ベヴェル菖蒲園 502
M130011641,東京都葛飾区堀切３�３２�１６ベヴェル菖蒲園 702
M130011642,東京都葛飾区堀切３�３２�１６ベヴェル菖蒲園 703
M130011779,東京都葛飾区東四つ木３�３８�９グランゲイン四つ木 101
M130011781,東京都葛飾区東四つ木３�３８�９グランゲイン四つ木 102
M130011782,東京都葛飾区東四つ木３�３８�９グランゲイン四つ木 201
M130011783,東京都葛飾区東四つ木３�３８�９グランゲイン四つ木 202
