M130000096,東京都品川区小山７－４－４,03-5702-5157
M130000126,東京都品川区上大崎２－９－４長者丸Ｋ101,03-3444-3357
M130000140,東京都品川区東大井２－２４－１オートレス,090-9327-8781
M130000238,東京都品川区小山台１－２１－２,03-3713-0125
M130000365,東京都品川区西五反田２－１１－１１ヒルトップ五反田ハイツ401,03-3495-5355
M130000382,東京都品川区上大崎１－４－３,03-3444-0422
M130000400,東京都品川区大井５－２２－５,03-3778-5259
M130000543,東京都品川区南大井５－３－４,080-3023-5259
M130000616,東京都品川区西五反田２－２５－４磯ビル401,090-3880-0895
M130000617,東京都品川区西五反田２－２５－４磯ビル501,090-3880-0895
M130000618,東京都品川区西五反田２－２５－４磯ビル301,090-3880-0895
M130000655,東京都品川区平塚１－１－３ティティエス第二ビル201,03-5491-4416
M130000659,東京都品川区西大井４－２３－８,090-1334-6512
M130000794,東京都品川区旗の台２－１０－１９クレステエー602,090-1733-5541
M130000795,東京都品川区旗の台２－１０－１９クレステエー303,090-1733-5541
M130000823,東京都品川区東五反田３－６－１４,090-7845-4269
M130000945,東京都品川区北品川１－２２－１６ＬＵＣＥ品川302,03-3471-8650
M130001004,東京都品川区東大井２－４－１３コープ長谷川101,080-9468-7778
M130001097,東京都品川区東大井２－４－１３コープ長谷川102,080-9468-7778
M130001100,東京都品川区北品川２－１１－８ジラソーレ品川201,050-3579-7392
M130001112,東京都品川区戸越４－１０－１３,090-5548-5320
M130001116,東京都品川区西五反田３－１４－４角谷レイヴァリー401,03-6457-8029
M130001118,東京都品川区平塚１－１３－１,090-5202-8786
M130001318,東京都品川区西大井２－１７－１９中村ビル201,080-4743-0113
M130001406,東京都品川区北品川２－１１－８ジラソーレ品川101,050-3579-7392
M130001466,東京都品川区西品川３－１－６,080-4156-7028
M130001646,東京都品川区西品川２－１４－６ＴＯＧＯＳＨＩ　ＳＴＡＹｓ202,093-932-6100
M130002115,東京都品川区東中延１－５－７プラムアーク品川402,03-5549-2442
M130002149,東京都品川区西品川２－１４－６ＴＯＧＯＳＨＩ　ＳＴＡＹｓ201,093-932-6100
M130002169,東京都品川区南品川４－１－９マグノリアハウス209,070-2649-5007
M130002172,東京都品川区南品川４－１－９マグノリアハウス504,070-2649-5007
M130002176,東京都品川区上大崎１－９－２７,090-9805-9669
M130002224,東京都品川区豊町２－１２－１１ＤＩビル,090-3910-2851
M130002306,東京都品川区小山３－１２－５Ｓａｎｄｅｒｓｏｎ　Ｒｅｓｉｄｅｎｃｅ207,090-9366-4444
M130002307,東京都品川区小山３－１２－５Ｓａｎｄｅｒｓｏｎ　Ｒｅｓｉｄｅｎｃｅ208,090-9366-4444
M130002309,東京都品川区小山３－１２－５Ｓａｎｄｅｒｓｏｎ　Ｒｅｓｉｄｅｎｃｅ210,090-9366-4444
M130002310,東京都品川区小山３－１２－５Ｓａｎｄｅｒｓｏｎ　Ｒｅｓｉｄｅｎｃｅ307,090-9366-4444
M130002653,東京都品川区小山４－８－１３メゾン武蔵小山101,03-6689-2000
M130002655,東京都品川区小山４－８－１３メゾン武蔵小山202,03-6689-2000
M130002762,東京都品川区南品川５－１１－４７　202,03-5549-2442
M130002763,東京都品川区南品川５－１１－４７　401,03-5549-2442
M130002919,東京都品川区東五反田３－６－２,090-9402-9918
M130002994,東京都品川区東大井１－１７－５ベルハイツ201,070-2181-8283
M130003268,東京都品川区西品川２－１４－６ＴＯＧＯＳＨＩ　ＳＴＡＹｓroom3,093-932-6100
M130003469,東京都品川区西五反田８－１２－５五反田コーポビァネーズ1201,050-3693-8865
M130003662,東京都品川区上大崎４－３－１４フラワーヒル目黒303,03-6417-0375
M130003664,東京都品川区上大崎４－３－１４フラワーヒル目黒309,03-6417-0375
M130003665,東京都品川区上大崎４－３－１４フラワーヒル目黒407,03-6417-0375
M130003667,東京都品川区上大崎４－３－１４フラワーヒル目黒308,03-6417-0375
M130004137,東京都品川区南品川４－１－９マグノリアハウス304,03-6432-0569
M130004522,東京都品川区西五反田７－２４－８リベルテ西五反田402,03-6914-1180
M130005028,東京都品川区二葉１－１０－８大阪屋マンション202,090-5890-1396
M130005316,東京都品川区南大井１－２－１０,03-6873-8657
M130005826,東京都品川区品川１－２５－３ワタナベマンション301,03-6709-8933
M130005827,東京都品川区東品川１－２５－３ワタナベマンション302,03-6709-8933
M130006771,東京都品川区中延２－７－１４,080-5049-1614
M130006810,東京都品川区南品川４－１－９マグノリアハウス107,03-5366-5959
M130007502,東京都品川区大崎４－１－８,090-7860-7528
M130007609,東京都品川区西大井２－１７－18,03-6821-6844
M130007784,東京都品川区東五反田１－１９－７ＫＢ五反田ビル401,03-6417-0375
M130007785,東京都品川区東五反田１－１９－７ＫＢ五反田ビル501,03-6417-0375
M130007865,東京都品川区西五反田７－２４－８リベルテ西五反田801,03-3346-1830
M130008139,東京都品川区東五反田２－１９－１ビレヂ五反田1001,03-6667-4148
M130008172,東京都品川区東五反田３－２－２ラミエ高輪台B103,03-6672-1082
M130008678,東京都品川区上大崎２－１３－３３エンゼルプレイス202,03-6417-0375
M130008679,東京都品川区上大崎２－１３－３３エンゼルプレイス205,03-6417-0375
M130008689,東京都品川区東品川１－２９－２０石橋ビル３、４、５階,03-6709-8933
M130008721,東京都品川区東中延１－５－７プラムアーク品川203,03-5549-2442
M130009020,東京都品川区旗の台１－１１－９　１階一福,090-2250-7337
M130009022,東京都品川区旗の台１－１１－９　２階一福,090-2250-7337
M130009158,東京都品川区南品川４－１－９マグノリアハウス104,050-5327-6845
M130009551,東京都品川区大井１－２３－２シーエス大井502,090-6001-6527
M130009778,東京都品川区二葉１－１０－８大阪屋マンション302,03-5961-0735
M130009779,東京都品川区二葉１－１０－８大阪屋マンション203,03-5961-0735
M130009988,東京都品川区北品川３－６－２８,080-6687-0513
M130011476,東京都品川区上大崎２－１５－５長者丸ビル203,03-6629-2097