M130000013,東京都板橋区大山金井町４３番
M130000014,東京都板橋区大山金井町４３番
M130000015,東京都板橋区大山金井町４３番
M130000016,東京都板橋区大山金井町４３番
M130000026,東京都板橋区小茂根二丁目１６番
M130000033,東京都板橋区南常盤台二丁目２６番
M130000041,東京都板橋区板橋三丁目３２番
M130000054,東京都板橋区双葉町４５番
M130000055,東京都板橋区成増三丁目２０番
M130000056,東京都板橋区成増三丁目２０番
M130000075,東京都板橋区清水町７８番
M130000085,東京都板橋区常盤台一丁目６０番
M130000297,東京都板橋区志村一丁目２４番
M130000298,東京都板橋区志村一丁目２４番
M130000301,東京都板橋区志村一丁目２４番
M130000302,東京都板橋区前野町四丁目５１番
M130000391,東京都板橋区仲町２１番
M130000415,東京都板橋区中丸町４７番
M130000428,東京都板橋区前野町四丁目５１番
M130000429,東京都板橋区前野町四丁目５１番
M130000431,東京都板橋区前野町四丁目５１番
M130000432,東京都板橋区志村一丁目２４番
M130000507,東京都板橋区双葉町４７番
M130000548,東京都板橋区板橋三丁目４０番
M130000575,東京都板橋区赤塚三丁目３０番
M130000603,東京都板橋区本町３３番
M130000770,東京都板橋区南常盤台一丁目２８番
M130000999,東京都板橋区板橋一丁目５４番
M130001032,東京都板橋区中板橋８番
M130001033,東京都板橋区中板橋８番
M130001177,東京都板橋区板橋四丁目４０番
M130001326,東京都板橋区蓮根三丁目１番
M130001328,東京都板橋区蓮根三丁目１番
M130001947,東京都板橋区赤塚三丁目３０番
M130002246,東京都板橋区大谷口二丁目３５番
M130002526,東京都板橋区桜川二丁目１４番
M130002626,東京都板橋区南常盤台二丁目３番
M130002775,東京都板橋区小茂根一丁目１０番
M130003406,東京都板橋区双葉町４７番
M130003444,東京都板橋区板橋三丁目３９番
M130003445,東京都板橋区板橋三丁目３９番
M130003446,東京都板橋区板橋三丁目３９番
M130003447,東京都板橋区板橋三丁目３９番
M130003448,東京都板橋区板橋三丁目３９番
M130003449,東京都板橋区舟渡二丁目１３番
M130003511,東京都板橋区板橋四丁目８番
M130003711,東京都板橋区蓮沼町２９番
M130003852,東京都板橋区板橋一丁目６０番
M130004077,東京都板橋区赤塚一丁目３２番
M130004391,東京都板橋区徳丸一丁目３３番
M130004394,東京都板橋区徳丸一丁目３３番
M130004601,東京都板橋区大山西町５４番
M130004735,東京都板橋区高島平八丁目１５番
M130004736,東京都板橋区高島平八丁目１５番
M130004737,東京都板橋区高島平八丁目１５番
M130004955,東京都板橋区志村一丁目２５番
M130004958,東京都板橋区志村一丁目２５番
M130004963,東京都板橋区志村一丁目２５番
M130004965,東京都板橋区志村一丁目２５番
M130005518,東京都板橋区大原町２９番
M130005920,東京都板橋区仲町１４番
M130006328,東京都板橋区赤塚三丁目３０番
M130006329,東京都板橋区赤塚三丁目３０番
M130006330,東京都板橋区成増四丁目１８番
M130006331,東京都板橋区成増四丁目１８番
M130006375,東京都板橋区大山金井町４４番
M130006377,東京都板橋区大山金井町４４番
M130006494,東京都板橋区大山西町１３番
M130007754,東京都板橋区板橋二丁目８番
M130007780,東京都板橋区南常盤台一丁目２０番
M130007781,東京都板橋区南常盤台一丁目２０番
M130007990,東京都板橋区熊野町１２番
M130007992,東京都板橋区板橋二丁目２１番
M130007997,東京都板橋区熊野町１２番
M130008605,東京都板橋区宮本町８番
M130008606,東京都板橋区宮本町８番
M130009193,東京都板橋区大山金井町４０番
M130009194,東京都板橋区大山金井町４０番
M130009195,東京都板橋区大山金井町４０番
M130009196,東京都板橋区大山金井町４０番
M130009198,東京都板橋区大山金井町４０番
M130009199,東京都板橋区大山金井町４０番
M130009754,東京都板橋区赤塚三丁目３０番
M130010111,東京都板橋区熊野町３３番
M130010112,東京都板橋区熊野町３３番
M130010114,東京都板橋区熊野町３３番
M130010115,東京都板橋区熊野町３３番
M130010116,東京都板橋区熊野町３３番
M130010117,東京都板橋区熊野町３３番
M130010118,東京都板橋区熊野町３３番
M130010119,東京都板橋区熊野町３３番
M130010120,東京都板橋区熊野町３３番
M130010121,東京都板橋区熊野町３３番
M130010122,東京都板橋区熊野町３３番
M130010123,東京都板橋区熊野町３３番
M130010124,東京都板橋区熊野町３３番
M130010125,東京都板橋区熊野町３３番
M130010126,東京都板橋区熊野町３３番
M130010127,東京都板橋区熊野町３３番
M130010128,東京都板橋区熊野町３３番
M130010129,東京都板橋区熊野町３３番
M130010130,東京都板橋区熊野町３３番
M130010131,東京都板橋区熊野町３３番
M130010362,東京都板橋区泉町３８番
M130010544,東京都板橋区清水町７８番
M130011027,東京都板橋区成増二丁目４番
M130011076,東京都板橋区板橋三丁目１４番