M400000433,福岡県福岡市東区名島２－３４－２９
M400000435,福岡県飯塚市椋本４９５－２
M400000460,福岡県須恵町新原２８２ー７
M400000483,福岡県糸島市二丈吉井４０８７－１
M400000486,福岡県福岡市東区香椎台２丁目２の３
M400000488,福岡県福岡市東区箱崎２丁目８番２１号
M400000494,福岡県福岡市東区香椎４丁目７－１７
M400000498,福岡県福岡市東区香椎４丁目７－１７
M400000499,福岡県福岡市東区松香台１ー１３ー５
M400000500,福岡県篠栗町大字尾仲６９３番地１７
M400000837,福岡県糸島市志摩野北２１８０―１
M400000846,福岡県小郡市福童字前畑３３６６－８
M400000859,福岡県福岡市東区名島４－３１－１５
M400000940,福岡県福岡市東区西戸崎５－４－１５
M400000972,福岡県福岡市早良区原３－１７－３５第２北條ビル403
M400001012,福岡県行橋市下稗田１３４６－１６８
M400001105,福岡県筑前町四三嶋１５２７－１
M400001145,福岡県朝倉市入地１５６４
M400001176,福岡県糸島市川付８１５―１里や
M400001486,福岡県福岡市中央区渡辺通５－１５－６縄田ビル201
M400001494,福岡県福岡市中央区渡辺通５－１５－６縄田ビル202
M400001574,福岡県福岡市博多区博多駅前４－１０－１０リファレンス博多駅前501
M400001598,福岡県志免町田富４丁目１７－３１
M400001609,福岡県福岡市博多区博多駅前４－１０－１０リファレンス博多駅前901
M400001617,福岡県福岡市博多区博多駅前４－１０－１０リファレンス博多駅前1003
M400001618,福岡県福岡市博多区博多駅南１－３－２４リファレンス博多705
M400001623,福岡県福岡市博多区博多駅南１－３－２４リファレンス博多1002
M400001627,福岡県福岡市博多区博多駅南１－３－２４リファレンス博多1004
M400001732,福岡県福岡市博多区博多駅前４－１０－１０リファレンス博多駅前1005
M400001734,福岡県福岡市中央区天神３－１５－２５リファレンス天神701
M400001737,福岡県福岡市中央区天神３－１５－２５リファレンス天神703
M400001742,福岡県福岡市博多区博多駅前４－１０－１０リファレンス博多駅前1103
M400001744,福岡県福岡市中央区天神３－１５－２５リファレンス天神401
M400001748,福岡県福岡市中央区天神３－１５－２５リファレンス天神702
M400001749,福岡県福岡市博多区祇園町４－７６リファレンス祇園1001
M400001750,福岡県福岡市博多区祇園町４－７６リファレンス祇園1002
M400001751,福岡県福岡市中央区天神３－１５－２５リファレンス天神404
M400001752,福岡県福岡市中央区天神３－１５－２５リファレンス天神405
M400001753,福岡県太宰府市五条４－５－５９
M400001754,福岡県那珂川市片縄１丁目１９０
M400001755,福岡県福岡市博多区那珂１－３９－２０
M400001756,福岡県福岡市西区今宿駅前１－１１－１２
M400001757,福岡県福岡市中央区薬院２－３－１０　305
M400001758,福岡県福岡市中央区薬院２－３－１０　308
M400001759,福岡県福岡市中央区薬院２－３－１０　403
M400001760,福岡県福岡市中央区梅光園２－９－１０
M400001761,福岡県福岡市博多区東月隈４－７－１－１
M400001771,福岡県福岡市南区井尻５－５－２２ベルエール井尻203
M400001784,福岡県福岡市南区井尻５－５－２２ベルエール井尻102
M400001790,福岡県福岡市南区井尻５－５－２２ベルエール井尻101
M400001793,福岡県福岡市東区大字勝馬６０７
M400001801,福岡県福岡市南区井尻５－５－２２ベルエール井尻103
M400001807,福岡県福岡市博多区那珂５丁目６番２２号シテイライフ筑紫通博多406
M400001809,福岡県福岡市南区清水３丁目２３ー２７若葉コ－ポ106
M400001814,福岡県福岡市南区清水３丁目２３－２７若葉コーポ103
M400001822,福岡県福岡市南区清水３丁目２３ー２７若葉コーポ107
M400001827,福岡県福岡市南区清水３丁目２３ー２７若葉コーポ105
M400001829,福岡県福岡市博多区博多駅南三丁目１５番２７号マルセン博多ビル602
M400001832,福岡県福岡市博多区博多駅南三丁目１５番２７号マルセン博多ビル503
M400001835,福岡県福岡市博多区博多駅南三丁目１５番２７号マルセン博多ビル605
M400001838,福岡県福岡市博多区博多駅南三丁目１５番２７号マルセン博多ビル303
M400001839,福岡県福岡市南区井尻５－５－２２ベルエール井尻202
M400001843,福岡県福岡市博多区博多駅南三丁目１５番２７号マルセン博多ビル706
M400001845,福岡県福岡市博多区博多駅南三丁目１５番２７号マルセン博多ビル402
M400001847,福岡県福岡市東区箱崎４－３８－６　106
M400001848,福岡県福岡市博多区博多駅南三丁目１５番２７号マルセン博多ビル702
M400001857,福岡県福岡市東区箱崎４－３８－６　206
M400001862,福岡県福岡市東区箱崎４－３８－６　301
M400001872,福岡県福岡市東区箱崎４－３８－６　401
M400001873,福岡県福岡市博多区博多駅南三丁目１５番２７号マルセン博多ビル502
M400001874,福岡県福岡市博多区須崎町１２－１６サンシャイン須崎601
M400001875,福岡県福岡市博多区博多駅南三丁目１５番２７号マルセン博多ビル703
M400001876,福岡県福岡市博多区須崎町１２－１６サンシャイン須崎702
M400001877,福岡県福岡市博多区博多駅南三丁目１５番２７号マルセン博多ビル406
M400001878,福岡県福岡市博多区須崎町１２－１６サンシャイン須崎605
M400001881,福岡県福岡市東区松島２丁目２－５６サンハイム松島１101
M400001885,福岡県福岡市東区松島２丁目２－５６サンハイム松島１102
M400001892,福岡県福岡市東区松島２丁目２－５６サンハイム松島１103
M400001894,福岡県福岡市東区松島２丁目２－５６サンハイム松島１201
M400001906,福岡県福岡市東区松島２丁目２－５６サンハイム松島１202
M400001911,福岡県福岡市博多区須崎町１２－１６サンシャイン須崎703
M400001930,福岡県福岡市博多区冷泉町１－２０黒川祇園ビル703
M400001932,福岡県福岡市博多区冷泉町１－２０黒川祇園ビル503
M400001935,福岡県福岡市博多区冷泉町１－２０黒川祇園ビル301
M400001937,福岡県福岡市博多区冷泉町１－２０黒川祇園ビル202
M400002152,福岡県福岡市南区野間３－６－１
M400002155,福岡県福岡市博多区冷泉町８－１４
M400002269,福岡県福岡市東区大岳３－４－２５－１０２
M400002515,福岡県福岡市早良区藤崎１－１４－１１
M400002568,福岡県福岡市中央区春吉３－１５－３５春吉キューブパティオ602
M400002570,福岡県福岡市中央区春吉３－１５－３５春吉キューブパティオ703
M400002571,福岡県福岡市中央区春吉３－１５－３５春吉キューブパティオ605
M400002572,福岡県福岡市中央区春吉３－１５－３５春吉キューブパティオ701
M400002574,福岡県福岡市博多区博多駅東２－８－２２よしみビル506
M400002576,福岡県福岡市中央区西中洲１２－１０西中洲ビル401
M400002577,福岡県福岡市中央区西中洲１２－１０西中洲ビル302
M400002581,福岡県福岡市博多区店屋町１ー１１ＰＦＤビル2
M400002583,福岡県福岡市博多区店屋町１－１１ＰＦＤビル3
M400002588,福岡県北九州市門司区大里東２丁目６－２３
M400002594,福岡県大木町上白垣７５９番地１
M400002634,福岡県北九州市小倉北区足原１－５－９メゾン妙見503
M400002639,福岡県福岡市博多区住吉４丁目２５－２０Ｂｒａｎｃｈｅ住吉ＷＥＳＴ棟305
M400002641,福岡県福岡市博多区住吉４丁目２５－２０Ｂｒａｎｃｈｅ住吉ＷＥＳＴ棟505
M400002678,福岡県福岡市中央区春吉３－１６－８ヴィラージュ天神南参番館401
M400002681,福岡県福岡市中央区春吉３－１６－８ヴィラージュ天神南参番館402
M400002682,福岡県福岡市中央区春吉３－１６－８ヴィラージュ天神南参番館502
M400002686,福岡県福岡市中央区春吉３－１６－８ヴィラージュ天神南参番館602
M400002688,福岡県福岡市中央区春吉３－１６－８ヴィラージュ天神南参番館702
M400002696,福岡県福岡市西区姪浜駅南２丁目１３－１９
M400002699,福岡県福岡市南区高宮１丁目１４番９号ウイング２１高宮601
M400002700,福岡県福岡市南区高宮１丁目１４番９号ウイング２１高宮602
M400002702,福岡県福岡市南区高宮１丁目１４番９号ウイング２１高宮706
M400002816,福岡県福岡市博多区住吉五丁目７番１１号ピュアドーム博多アベール202
M400002818,福岡県福岡市博多区住吉五丁目７番１１号ピュアドーム博多アベール307
M400002821,福岡県福岡市博多区住吉五丁目７番１１号ピュアドーム博多アベール405
M400002822,福岡県福岡市博多区住吉五丁目７番１１号ピュアドーム博多アベール505
M400002824,福岡県福岡市博多区住吉五丁目７番１１号ピュアドーム博多アベール702
M400002828,福岡県福岡市博多区住吉五丁目７番１１号ピュアドーム博多アベール507
M400002832,福岡県福岡市博多区住吉五丁目７番１１号ピュアドーム博多アベール602
M400002836,福岡県福岡市博多区住吉五丁目７番１１号ピュアドーム博多アベール903
M400002839,福岡県福岡市博多区住吉五丁目７番１１号ピュアドーム博多アベール606
M400002843,福岡県福岡市博多区住吉五丁目７番１１号ピュアドーム博多アベール907
M400002848,福岡県福岡市博多区住吉五丁目７番１１号ピュアドーム博多アベール1005
M400002879,福岡県春日市下白水北５－１２３ハイツＹ101
M400002880,福岡県春日市下白水北５－１２３ハイツＹ102
M400002881,福岡県春日市下白水北５－１２３ハイツＹ103
M400002882,福岡県春日市下白水北５－１２３ハイツＹ201
M400002948,福岡県糸島市南風台２－７－１０サウスウィンドシャレ―
M400002950,福岡県福岡市中央区西公園６－１８
M400002951,福岡県福岡市中央区春吉３－１５－３５春吉キューブパティオ202
M400002953,福岡県福岡市中央区春吉３－１５－３５春吉キューブパティオ206
M400002954,福岡県福岡市中央区春吉３－１５－３５春吉キューブパティオ308
M400002967,福岡県福岡市中央区西中洲１２－１０西中洲ビル402
M400003075,福岡県芦屋町高浜町１０番１０号
M400003077,福岡県福岡市中央区白金１－９－７－３
M400003173,福岡県福岡市博多区博多駅南３－９－１307
M400003383,福岡県糸島市志摩久家５３9-１
M400003391,福岡県福岡市中央区春吉３丁目１２－２６ＪＯＪＯビル301
M400003392,福岡県福岡市中央区春吉３丁目１２－２６ＪＯＪＯビル302
M400003409,福岡県福岡市東区箱崎２丁目２５－１３シャトルメルシー箱崎201
M400003410,福岡県福岡市東区箱崎２丁目２５－１３シャトルメルシー箱崎202
M400003412,福岡県福岡市東区箱崎２丁目２５－１３シャトルメルシー箱崎203
M400003414,福岡県福岡市東区箱崎２丁目２５－１３シャトルメルシー箱崎205
M400003415,福岡県福岡市東区箱崎２丁目２５－１３シャトルメルシー箱崎302
M400003416,福岡県福岡市東区箱崎２丁目２５－１３シャトルメルシー箱崎301
M400003417,福岡県福岡市東区箱崎２丁目２５－１３シャトルメルシー箱崎303
M400003418,福岡県福岡市東区箱崎２丁目２５－１３シャトルメルシー箱崎501
M400003419,福岡県福岡市東区箱崎２丁目２５－１３シャトルメルシー箱崎502
M400003420,福岡県福岡市東区箱崎２丁目２５－１３シャトルメルシー箱崎503
M400003470,福岡県福岡市西区今津１７４１－４
M400003525,福岡県福岡市城南区鳥飼５丁目２番４１リフレ城南305
M400003529,福岡県福岡市南区多賀１－８－２６
M400003530,福岡県朝倉市山田１５８４
M400003531,福岡県朝倉市板屋１０２２
M400003549,福岡県福岡市博多区博多駅東３－３－１６川清ビル501
M400003550,福岡県福岡市博多区博多駅東３－３－１６川清ビル502
M400003553,福岡県福岡市博多区博多駅東３－３－１６川清ビル503
M400003557,福岡県福岡市博多区博多駅東３－３－１６川清ビル504
M400003560,福岡県福岡市博多区博多駅東３－３－１６川清ビル505
M400003721,福岡県福岡市中央区渡辺通５－１４－１０佐藤ビル702
M400003742,福岡県福岡市中央区春吉２－８－１１第２６ビル101
M400003744,福岡県福岡市中央区春吉２－８－１１第２６ビル202
M400003753,福岡県福岡市博多区竹丘町１－７－５コーポ８８　101
M400003756,福岡県福岡市博多区竹丘町１－７－５コーポ８８　103
M400003758,福岡県福岡市博多区竹丘町１－７－５コーポ８８　201
M400003760,福岡県福岡市博多区竹丘町１－７－５コーポ８８　203
M400003765,福岡県福岡市中央区港１丁目４－２２斉藤ビル2
M400003772,福岡県福岡市中央区白金１－４－１８サンコービル204
M400003774,福岡県福岡市中央区白金１－４－１８サンコービル206
M400003804,福岡県福岡市博多区住吉５丁目１０－１５クラリス博多106
M400003805,福岡県福岡市博多区住吉５丁目１０－１５クラリス博多107
M400003806,福岡県福岡市博多区住吉５丁目１０－１５クラリス博多108
M400003807,福岡県福岡市博多区住吉５丁目１０－１５クラリス博多201
M400003808,福岡県福岡市博多区住吉５丁目１０－１５クラリス博多202
M400003810,福岡県福岡市博多区住吉５丁目１０－１５クラリス博多205
M400003811,福岡県福岡市博多区住吉５丁目１０－１５クラリス博多203
M400003812,福岡県福岡市博多区住吉５丁目１０－１５クラリス博多211
M400003813,福岡県福岡市博多区寿町２丁目５－６グローリーワン寿305
M400003814,福岡県福岡市博多区寿町２丁目５－６グローリーワン寿307
M400003815,福岡県福岡市博多区寿町２丁目５－６グローリーワン寿308
M400003816,福岡県福岡市博多区寿町２丁目５－６グローリーワン寿402
M400003984,福岡県福岡市博多区寿町３丁目３－３３カルム南福岡1504
M400003985,福岡県福岡市博多区寿町３丁目３－３３カルム南福岡602
M400003986,福岡県福岡市博多区寿町３丁目３－３３カルム南福岡1302
M400003993,福岡県福岡市東区唐原４－２－１５カルム福岡東101
M400003995,福岡県福岡市東区唐原４－２－１５カルム福岡東102
M400003996,福岡県福岡市東区唐原４－２－１５カルム福岡東202
M400003997,福岡県福岡市東区唐原４－２－１５カルム福岡東203
M400003999,福岡県北九州市八幡西区黒崎１－１４－１８山下ビル302
M400004000,福岡県北九州市八幡西区黒崎１－１４－１８山下ビル403
M400004003,福岡県北九州市八幡西区黒崎１－１４－１８山下ビル501
M400004004,福岡県北九州市八幡西区黒崎１－１４－１８山下ビル502
M400004063,福岡県福岡市中央区六本松３－５－２２
M400004115,福岡県うきは市浮羽町新川３９１８－１
M400004127,福岡県福岡市中央区渡辺通５－１０－６７
M400004128,福岡県福岡市博多区美野島１－３－４－２ポラリスサン美野島103
M400004333,福岡県糸島市川付５７０
M400004335,福岡県福岡市博多区住吉２－５－２３市来ビル401
M400004336,福岡県福岡市博多区住吉２－５－２３市来ビル402
M400004337,福岡県福岡市博多区住吉２－５－２３市来ビル303
M400004338,福岡県福岡市博多区住吉２－５－２３市来ビル403
M400004340,福岡県福津市津屋崎３－１０－７ラ・マーレ福津海岸通り201
M400004343,福岡県福津市津屋崎３－１０－７ラ・マーレ福津海岸通り202
M400004346,福岡県福津市津屋崎６－１－８
M400004352,福岡県福岡市中央区渡辺通５－１０－２７
M400004355,福岡県福岡市博多区東比恵２丁目２０番２２号モンフレール東比恵301
M400004360,福岡県福岡市博多区東比恵２丁目２０番２２号モンフレール東比恵302
M400004363,福岡県福岡市博多区東比恵２丁目２０番２２号モンフレール東比恵303
M400004365,福岡県福岡市城南区梅林４－１２－２０ブエナビスタ梅林103
M400004367,福岡県福岡市城南区梅林４－１２－２０ブエナビスタ梅林203
M400004370,福岡県福岡市中央区高砂２－２３－２リーベ高砂301
M400004574,福岡県糸島市波多江４９６－１糸結
M400004633,福岡県福岡市城南区鳥飼５－１６－３１鳥飼ハイム201
M400004635,福岡県福岡市城南区鳥飼５－１６－３１鳥飼ハイム202
M400004637,福岡県福岡市中央区谷２－１３－１６－２アクセス六本木102
M400004640,福岡県福岡市中央区谷２－１３－１６－２アクセス六本木103
M400004643,福岡県福岡市中央区谷２－１３－１６－２アクセス六本木201
M400004646,福岡県福岡市中央区谷２ー１４ー４アクセス六本木Ⅱ101
M400004649,福岡県福岡市中央区谷２ー１４ー４アクセス六本木Ⅱ102
M400004654,福岡県福岡市中央区谷２ー１４ー４アクセス六本木Ⅱ202
M400004658,福岡県福岡市中央区谷２ー１４ー４アクセス六本木Ⅱ203
M400004661,福岡県福岡市中央区谷２ー１４ー４アクセス六本木Ⅱ205
M400004665,福岡県福岡市中央区六本松４－９－３５第２吉川興産ビル302
M400004667,福岡県福岡市中央区六本松４－９－３５第２吉川興産ビル303
M400004668,福岡県福岡市中央区六本松４－９－３５第２吉川興産ビル503
M400004673,福岡県福岡市中央区梅光園２－２５－３シティベール梅光園102
M400004674,福岡県福岡市中央区梅光園２－２５－３シティベール梅光園105
M400004676,福岡県福岡市中央区梅光園２－２５－３シティベール梅光園201
M400004678,福岡県福岡市中央区梅光園２－２５－３シティベール梅光園203
M400004679,福岡県福岡市中央区梅光園２－２５－３シティベール梅光園205
M400004681,福岡県福岡市中央区梅光園２－２５－３シティベール梅光園301
M400004684,福岡県福岡市中央区梅光園２－２５－３シティベール梅光園303
M400004686,福岡県福岡市中央区梅光園２－２５－３シティベール梅光園306
M400004690,福岡県福岡市城南区鳥飼５－１６－３１鳥飼ハイム206
M400004691,福岡県福岡市城南区鳥飼５－１６－３１鳥飼ハイム207
M400004693,福岡県福岡市城南区別府６－２－１５
M400004694,福岡県福岡市中央区大名１－９－８東邦シェソワ大名404
M400004695,福岡県福岡市中央区大名１－９－８東邦シェソワ大名506
M400004697,福岡県福岡市中央区大名１－９－８東邦シェソワ大名605
M400004698,福岡県福岡市中央区大名１－９－８東邦シェソワ大名606
M400004700,福岡県福岡市中央区大名１－９－８東邦シェソワ大名705
M400004701,福岡県福岡市中央区大名１－９－８東邦シェソワ大名801
M400004790,福岡県福岡市東区松島２－２－５６サンハイム松島１203
M400004791,福岡県福岡市東区松島２－２－５７サンハイム松島２102
M400004792,福岡県福岡市東区松島２－２－５７サンハイム松島２201
M400004794,福岡県福岡市東区松島２－２－５７サンハイム松島２203
M400004982,福岡県中間市朝霞１－３１－１４
M400004983,福岡県福岡市城南区鳥飼５丁目１２ー２５クローバーハウス鳥飼1A
M400004984,福岡県福岡市城南区鳥飼５丁目１２ー２５クローバーハウス鳥飼1B
M400004985,福岡県福岡市博多区祇園町１－１８－1102
M400005039,福岡県久留米市津福今町２３７－３1F
M400005040,福岡県久留米市南薫西町１９８４－４
M400005097,福岡県福岡市東区西戸崎６－１２－１６
M400005098,福岡県朝倉市杷木大山１１１３－２
M400005100,福岡県朝倉市堤７９２－９
M400005258,福岡県福岡市博多区西月隈３－１１－５２善き羊飼いの舎
M400005260,福岡県福岡市中央区荒戸２－４－４８サングレイス西公園Ⅱ202
M400005264,福岡県福岡市中央区荒戸２－４－４８サングレイス西公園Ⅱ203
M400005265,福岡県福岡市中央区荒戸２－４－４７サングレイス西公園Ⅰ401
M400005266,福岡県福岡市中央区白金２－１－６メゾン薬院108
M400005267,福岡県福岡市中央区白金２－１－６メゾン薬院309
M400005268,福岡県福岡市早良区祖原８－２１ヴィンテージⅢ201
M400005269,福岡県福岡市早良区祖原８－２１ヴィンテージⅢ302
M400005270,福岡県福岡市早良区祖原８－２１ヴィンテージⅢ303
M400005271,福岡県福岡市香椎駅東４－３４－６２
M400005331,福岡県朝倉市杷木久喜宮１２１９－１
M400005347,福岡県北九州市八幡西区黒崎１－１４－１８山下ビル503
M400005529,福岡県福岡市中央区今川２丁目１５－１６ホワイトシャトー103
M400005544,福岡県福岡市博多区住吉５丁目１０－１５クラリス博多102
M400005545,福岡県福岡市博多区住吉５丁目１０－１５クラリス博多103
M400005547,福岡県福岡市博多区住吉５丁目１０－１５クラリス博多105
M400005549,福岡県福岡市博多区住吉５丁目１０－１５クラリス博多112
M400005551,福岡県福岡市博多区住吉５丁目１０－１５クラリス博多115
M400005553,福岡県福岡市博多区住吉５丁目１０－１５クラリス博多116
M400005554,福岡県福岡市博多区住吉５丁目１０－１５クラリス博多216
M400005555,福岡県福岡市博多区住吉５丁目１０－１５クラリス博多217
M400005556,福岡県福岡市博多区住吉５丁目１０－１５クラリス博多316
M400005560,福岡県福岡市博多区住吉５丁目１０－１５クラリス博多317
M400005571,福岡県福岡市博多区住吉５丁目１０－１５クラリス博多401
M400005573,福岡県福岡市博多区住吉５丁目１０－１５クラリス博多402
M400005574,福岡県福岡市博多区住吉５丁目１０－１５クラリス博多403
M400005575,福岡県福岡市博多区住吉５丁目１０－１５クラリス博多406
M400005576,福岡県福岡市博多区住吉５丁目１０－１５クラリス博多408
M400005577,福岡県福岡市博多区住吉５丁目１０－１５クラリス博多410
M400005579,福岡県福岡市博多区住吉５丁目１０－１５クラリス博多411
M400005580,福岡県福岡市博多区住吉５丁目１０－１５クラリス博多412
M400005581,福岡県福岡市博多区住吉５丁目１０－１５クラリス博多413
M400005583,福岡県福岡市博多区住吉５丁目１０－１５クラリス博多415
M400005594,福岡県福岡市博多区住吉５丁目１０－１５クラリス博多416
M400005595,福岡県福岡市博多区住吉５丁目１０－１５クラリス博多417
M400005596,福岡県福岡市博多区住吉５丁目１０－１５クラリス博多503
M400005597,福岡県福岡市博多区住吉５丁目１０－１５クラリス博多505
M400005598,福岡県福岡市博多区住吉５丁目１０－１５クラリス博多507
M400005599,福岡県福岡市博多区住吉５丁目１０－１５クラリス博多512
M400005600,福岡県福岡市中央区薬院２丁目１９番３０号
M400005601,福岡県福岡市中央区薬院２丁目６－８プラム薬院Ⅱ302
M400005602,福岡県福岡市博多区博多駅前４－２９－３ウイングスハカタ402
M400005603,福岡県福岡市博多区博多駅前４－２９－３ウイングスハカタ403
M400005604,福岡県福岡市博多区博多駅前４－２９－３ウイングスハカタ404
M400005605,福岡県福岡市博多区博多駅前４－２９－３ウイングスハカタ501
M400005606,福岡県福岡市博多区博多駅前４－２９－３ウイングスハカタ503
M400005608,福岡県福岡市博多区博多駅前４－２９－３ウイングスハカタ504
M400005609,福岡県福岡市博多区博多駅前４－２９－３ウイングスハカタ901
M400005611,福岡県福岡市博多区博多駅前４－２９－３ウイングスハカタ903
M400005622,福岡県福岡市博多区山王１丁目８－３５山王岩瀬ビル305
M400005624,福岡県福岡市博多区山王１丁目８－３５山王岩瀬ビル306
M400005625,福岡県福岡市博多区山王１丁目８－３５山王岩瀬ビル404
M400005626,福岡県福岡市博多区山王１丁目８－３５山王岩瀬ビル602
M400005627,福岡県福岡市博多区山王１丁目８－３５山王岩瀬ビル605
M400005688,福岡県久留米市田主丸町地徳２７８４
M400005689,福岡県久留米市田主丸町殖木４８０－２
M400005699,福岡県大川市榎津８４１－２
M400005704,福岡県福岡市博多区住吉２－２１－１１
M400005773,福岡県福岡市博多区住吉５‐１０‐１５クラリス博多301
M400005774,福岡県福岡市博多区住吉５‐１０‐１５クラリス博多302
M400005775,福岡県福岡市博多区住吉５‐１０‐１５クラリス博多303
M400005776,福岡県福岡市博多区住吉５‐１０‐１５クラリス博多305
M400005777,福岡県福岡市博多区住吉５‐１０‐１５クラリス博多306
M400005779,福岡県福岡市博多区住吉５‐１０‐１５クラリス博多308
M400005780,福岡県福岡市博多区住吉５‐１０‐１５クラリス博多310
M400005781,福岡県福岡市博多区住吉５‐１０‐１５クラリス博多311
M400005782,福岡県福岡市博多区住吉５‐１０‐１５クラリス博多312
M400005783,福岡県福岡市博多区住吉５‐１０‐１５クラリス博多313
M400005784,福岡県福岡市博多区住吉５‐１０‐１５クラリス博多315
M400005866,福岡県福岡市博多区吉塚一丁目４３番１１号不二荘101
M400005867,福岡県福岡市博多区吉塚一丁目４３番１１号不二荘102
M400005869,福岡県福岡市南区曰佐３－２８－３０
M400005873,福岡県朝倉市杷木久喜宮１８２０－１原鶴グランドスカイホテル910
M400005876,福岡県福岡市中央区荒戸１－１５－２８セピア大濠804
M400005996,福岡県久留米市津福今町２９５－２６
M400005997,福岡県朝倉市中島田４６９－２
M400005998,福岡県朝倉市甘木５１１－４
M400006104,福岡県福岡市博多区堅粕四丁目１８番２号
M400006420,福岡県福岡市中央区高砂２丁目２３－２リーベ高砂302
M400006490,福岡県福岡市東区名島３－４－１０ドリーム名島
M400006565,福岡県糸島市志摩芥屋３７４９
M400006592,福岡県宗像市田熊４－４－１５
M400006616,福岡県福岡市博多区千代２丁目４―２７プレアール千代403
M400006617,福岡県福岡市博多区千代２丁目４―２７プレアール千代503
M400006646,福岡県福岡市中央区大手門２－３－３５ピオーレ大手門401
M400006649,福岡県福岡市中央区大手門２－３－３５ピオーレ大手門402
M400006653,福岡県福岡市東区大岳１丁目１３番１６号大洋荘
M400006655,福岡県福岡市中央区渡辺通５－１０－１０
M400006698,福岡県福岡市博多区住吉五丁目７番１１号ピュアドーム博多アベール802
M400006699,福岡県福岡市博多区住吉五丁目７番１１号ピュアドーム博多アベール502
M400006700,福岡県福岡市博多区住吉５丁目１０－１５クラリス博多502
M400006701,福岡県福岡市博多区住吉５丁目１０－１５クラリス博多506
M400006702,福岡県福岡市博多区須崎町１２－１６サンシャイン須崎101
M400006703,福岡県福岡市博多区須崎町１２－１６サンシャイン須崎201
M400006704,福岡県福岡市博多区須崎町１２－１６サンシャイン須崎203
M400006705,福岡県福岡市博多区須崎町１２－１６サンシャイン須崎401
M400006706,福岡県福岡市博多区博多駅南１－１０－２０駅南うちやまビル503
M400006707,福岡県福岡市博多区博多駅南１－１０－２０駅南うちやまビル403
M400006708,福岡県福岡市中央区高砂２－１２－７アルティメイト高砂101
M400006710,福岡県春日市春日原北町２丁目２３－２
M400007046,福岡県福岡市東区若宮３－１－１９ユートピア若宮105
M400007048,福岡県福岡市東区若宮３－１－１９ユートピア若宮106
M400007050,福岡県福岡市東区若宮３－１－１９ユートピア若宮203
M400007051,福岡県福岡市東区若宮３－１－１９ユートピア若宮207
M400007057,福岡県福岡市早良区百道一丁目１３－１２－２
M400007058,福岡県久留米市田主丸町豊城６２７－１
M400007062,福岡県福岡市早良区梅林６丁目３０－１５
M400007092,福岡県北九州市小倉北区砂津２－８－２１
M400007216,福岡県福岡市博多区千代２丁目４―２７プレアール千代404
M400007217,福岡県福岡市博多区千代２丁目４―２７プレアール千代703
M400007218,福岡県福岡市博多区千代２丁目４―２７プレアール千代1005
M400007222,福岡県福岡市南区井尻四丁目１０－１８Ｂ・Ｏ・Ｆ101
M400007224,福岡県福岡市南区井尻四丁目１０－１８Ｂ・Ｏ・Ｆ102
M400007225,福岡県福岡市南区井尻四丁目１０－１８Ｂ・Ｏ・Ｆ103
M400007226,福岡県福岡市南区井尻四丁目１０－１８Ｂ・Ｏ・Ｆ201
M400007261,福岡県朝倉市大庭４３４４
M400007262,福岡県太宰府市高雄６丁目６－１０
M400007265,福岡県福岡市西区愛宕浜１－１６－２
M400007305,福岡県福津市津屋崎４－１１－１５
M400007452,福岡県福岡市博多区千代１丁目１９－２１Ｊメゾン千代401
M400007454,福岡県福岡市博多区千代１丁目１９－２１Ｊメゾン千代501
M400007458,福岡県久留米市田主丸町長栖６２１－２
M400007548,福岡県福岡市中央区薬院２丁目６－８プラム薬院Ⅱ301
M400007631,福岡県福岡市博多区堅粕５－５－２０ＰＩＣＯＬＯ　ＨＡＫＡＴＡ201
M400007632,福岡県福岡市博多区堅粕５－５－２０ＰＩＣＯＬＯ　ＨＡＫＡＴＡ202
M400007634,福岡県福岡市博多区堅粕５－５－２０ＰＩＣＯＬＯ　ＨＡＫＡＴＡ203
M400007635,福岡県福岡市博多区堅粕５－５－２０ＰＩＣＯＬＯ　ＨＡＫＡＴＡ205
M400007636,福岡県福岡市博多区店屋町２－１０店屋町マンション201
M400007637,福岡県福岡市博多区店屋町２－１０店屋町マンション202
M400007638,福岡県福岡市博多区店屋町２－１０店屋町マンション203
M400007712,福岡県福岡市博多区千代１丁目１９－２１Ｊメゾン千代601
M400007713,福岡県福岡市博多区千代１丁目１９－２１Ｊメゾン千代801
M400007724,福岡県福岡市中央区西中洲１２－１０西中洲ビル301
M400007725,福岡県福岡市中央区清川１丁目１１－４エレガントビル
M400007837,福岡県福岡市中央区六本松３丁目１０－５サンハウスＢ205
M400007891,福岡県福岡市西区今宿駅前１丁目１５番１７号
M400007893,福岡県福岡市早良区原４丁目２１－１４
M400008120,福岡県福岡市博多区博多駅前４丁目２７番５号博多ステーションタワー201
M400008124,福岡県福岡市博多区博多駅前４丁目２７番５号博多ステーションタワー202
M400008125,福岡県福岡市博多区博多駅前４丁目２７番５号博多ステーションタワー402
M400008144,福岡県福岡市中央区薬院２－５－３０　401
M400008145,福岡県福岡市中央区薬院２－５－３０　606
M400008146,福岡県志免町志免東２－９－２６
M400008147,福岡県福岡市中央区六本松３丁目１０－５サンハウスＢ103
M400008148,福岡県福岡市中央区荒戸２－４－４８サングレイス西公園Ⅱ102
M400008218,福岡県福岡市中央区渡辺通５－４－１３
M400008221,福岡県福岡市博多区博多駅南３－９－１　706
M400008222,福岡県福岡市博多区博多駅南３－９－１　707
M400008224,福岡県福岡市博多区博多駅南３－９－１　709
M400008226,福岡県福岡市博多区博多駅南３－９－１　710
M400008276,福岡県福岡市博多区住吉５－１８－１９リビング住吉ビル202
M400008277,福岡県福岡市博多区住吉５－１８－１９リビング住吉ビル302
M400008279,福岡県福岡市博多区住吉５－１８－１９リビング住吉ビル402
M400008282,福岡県福岡市博多区住吉５－１８－１９リビング住吉ビル201
M400008283,福岡県福岡市博多区住吉５－１８－１９リビング住吉ビル401
M400008285,福岡県福岡市博多区千代１丁目１９－２１Ｊ・メゾン千代701
M400008351,福岡県福岡市中央区天神３丁目６－８天神ミツヤマビル3A
M400008352,福岡県福岡市中央区天神３丁目６－８天神ミツヤマビル3B
M400008353,福岡県福岡市中央区天神３丁目６－８天神ミツヤマビル3D
M400008354,福岡県福岡市中央区天神３丁目６－８天神ミツヤマビル4A
M400008355,福岡県福岡市中央区天神３丁目６－８天神ミツヤマビル4B
M400008356,福岡県福岡市中央区天神３丁目６－８天神ミツヤマビル4D
M400008422,福岡県福津市宮司６－２０－１８
M400008423,福岡県福岡市博多区中洲２丁目１－１１プレイスポット新橋ビル902
M400008434,福岡県福岡市博多区博多駅南１－１０－２０駅南うちやまビル602
M400008435,福岡県福岡市西区大字女原字井手原３２０番地１５
M400008436,福岡県福岡市中央区荒戸２－４－４７サングレイス西公園Ⅰ203
M400008437,福岡県福岡市中央区荒戸２－４－４７サングレイス西公園Ⅰ402
M400008673,福岡県福岡市博多区祇園町３－６　４階
M400008694,福岡県久留米市田主丸町竹野２８３
M400008813,福岡県福岡市早良区祖原２６－３８カーザマリノア101
M400008814,福岡県福岡市早良区祖原２６－３８カーザマリノア102
M400008892,福岡県福岡市博多区千代１丁目１９－２１Ｊメゾン千代901
M400008893,福岡県福岡市博多区千代１丁目１９－２１Ｊメゾン千代1001
M400008894,福岡県福岡市中央区警固２－１１－１９　501
M400008895,福岡県福岡市中央区警固２－１１－１９　603
M400008896,福岡県福岡市中央区高砂２－２３－２リーべ高砂502
M400008897,福岡県福岡市中央区高砂２－２３－２リーベ高砂503
M400009093,福岡県福岡市中央区輝国２丁目１６－２１
M400009094,福岡県福岡市中央区白金２－１－６メゾン薬院101
M400009095,福岡県福岡市中央区白金２－１－６メゾン薬院106
M400009099,福岡県福岡市早良区祖原２６－３８　202
M400009100,福岡県福岡市早良区祖原２６－３８　203
M400009101,福岡県福岡市城南区鳥飼５－１２－２５クローバーハウス鳥飼2A
M400009102,福岡県北九州市八幡西区黒崎１－１４－１８山下ビル307
M400009381,福岡県福岡市博多区住吉五丁目７番１１号ピュアドーム博多アベール206
M400009383,福岡県福岡市博多区住吉五丁目７番１１号ピュアドーム博多アベール805
M400009385,福岡県福岡市博多区住吉五丁目７番１１号ピュアドーム博多アベール1007
M400009405,福岡県福岡市南区弥永５－１５－６エイリックスタイルコートハウス博多南118
M400009408,福岡県筑前町篠隈２２５－１４２
M400009409,福岡県朝倉市上秋月１７３５
M400009410,福岡県朝倉市上秋月２７５４
M400009411,福岡県うきは市吉井町屋部４５９－３
M400009505,福岡県福岡市中央区清川２－１６－２１エスカレント清川303
M400009507,福岡県福岡市中央区清川２－１６－２１エスカレント清川306
M400009508,福岡県福岡市中央区清川２－１６－２１エスカレント清川405
M400009509,福岡県福岡市中央区清川２－１６－２１エスカレント清川501
M400009532,福岡県福岡市博多区住吉５丁目１０ー１５クラリス博多405
M400009533,福岡県福岡市博多区住吉５丁目１０ー１５クラリス博多407
M400009661,福岡県久留米市山本町豊田１６５６番地の３
M400009669,福岡県福岡市西区愛宕３丁目１４－９－１　102
M400009671,福岡県福岡市西区愛宕３丁目１４－９－１　103
M400009672,福岡県福岡市西区愛宕３丁目１４－９－１　105
M400009673,福岡県福岡市西区愛宕３丁目１４－９－１　202
M400009674,福岡県福岡市西区愛宕３丁目１４－９－１　205
M400009765,福岡県福岡市早良区次郎丸３丁目１６－１６－２
M400009766,福岡県福岡市中央区赤坂２－２－９アーク赤坂201
M400009767,福岡県福岡市中央区赤坂２－２－９アーク赤坂503
M400009768,福岡県福岡市中央区赤坂２－２－９アーク赤坂602
M400009769,福岡県福岡市博多区博多駅前３－１０－２ウーブル博多606
M400009770,福岡県福岡市中央区白金２－２－１４インクリードビル301
M400009771,福岡県福岡市中央区白金２－２－１４インクリードビル302
M400009773,福岡県福岡市博多区博多駅南２丁目１１－１３サン博多コーポ303
M400009774,福岡県福岡市博多区博多駅南２丁目１１－１３サン博多コーポ305
M400009780,福岡県福岡市中央区天神３丁目１６－１８大産天神ビル4
M400009804,福岡県福岡市博多区店屋町２－１０　301
M400009805,福岡県福岡市博多区店屋町２－１０　302
M400009807,福岡県福岡市博多区店屋町２－１０　303
M400009808,福岡県福岡市博多区店屋町２－１０　401
M400009809,福岡県福岡市博多区店屋町２－１０　402
M400009810,福岡県福岡市博多区店屋町２－１０　403
M400009811,福岡県福岡市博多区店屋町２－１０　501
M400009812,福岡県福岡市博多区店屋町２－１０　502
M400009813,福岡県福岡市博多区店屋町２－１０　503
M400009818,福岡県福岡市博多区店屋町２－１０　601
M400009819,福岡県福岡市博多区店屋町２－１０　602
M400009820,福岡県福岡市博多区店屋町２－１０　603
M400009821,福岡県福岡市博多区店屋町２－１０　701
M400009822,福岡県福岡市博多区店屋町２－１０　702
M400009823,福岡県福岡市博多区店屋町２－１０　703
M400009824,福岡県福岡市博多区店屋町２－１０　801
M400009825,福岡県福岡市博多区店屋町２－１０　802
M400009826,福岡県福岡市博多区店屋町２－１０　803
M400009828,福岡県福岡市博多区店屋町２－１０　901
M400009829,福岡県福岡市博多区店屋町２－１０　902
M400009830,福岡県福岡市博多区店屋町２－１０　903
M400009831,福岡県福岡市博多区店屋町２－１０　1001
M400009832,福岡県福岡市博多区店屋町２－１０　1002
M400009833,福岡県福岡市博多区店屋町２－１０　1003
M400009834,福岡県福岡市博多区店屋町２－１０　1101
M400009835,福岡県福岡市博多区店屋町２－１０　1102
M400009836,福岡県福岡市博多区店屋町２－１０　1103
M400009944,福岡県福岡市東区馬出５－２－２　202
M400010015,福岡県福岡市博多区奈良屋町１３－３
M400010085,福岡県福岡市中央区大名１丁目９番８号　607
M400010139,福岡県福岡市中央区大名１丁目９番８号　302
M400010141,福岡県福岡市博多区博多駅前３－２８－１４マルシンビル403
M400010145,福岡県福岡市博多区美野島３－５－４パインヒルズ美野島303
M400010147,福岡県福岡市博多区美野島３－５－４パインヒルズ美野島307
M400010162,福岡県福岡市中央区春吉２丁目７－６第二春吉コーポ101
M400010163,福岡県福岡市中央区春吉２丁目７－６第二春吉コーポ102
M400010164,福岡県福岡市中央区春吉２丁目７－６第二春吉コーポ201
M400010165,福岡県福岡市中央区春吉２丁目７－６第二春吉コーポ202
M400010193,福岡県福岡市西区姪の浜２丁目３－１６－１　102
M400010194,福岡県福岡市西区姪の浜２丁目３－１６－１　103
M400010195,福岡県福岡市西区姪の浜２丁目３－１６－１　202
M400010196,福岡県福岡市西区姪の浜２丁目３－１６－１　205
M400010310,福岡県福岡市博多区住吉５－３－１２エリーナハイツ博多駅前101
M400010313,福岡県宗像市神湊１２５０－３０
M400010315,福岡県福岡市東区大字志賀島４２５番１
M400010440,福岡県福岡市東区馬出５－２－２　201
M400010557,福岡県福岡市中央区赤坂３－１－２９　801
M400010559,福岡県福岡市中央区赤坂３－１－２９　802
M400010561,福岡県福岡市中央区赤坂３－１－２９　902
M400010565,福岡県福岡市城南区鳥飼５－１６－３１鳥飼ハイム205
M400010567,福岡県福岡市中央区谷２－１３－１６－２アクセス六本木１　200
M400010579,福岡県福岡市博多区吉塚２丁目３－３４クロスヴィラ吉塚202
M400010585,福岡県福岡市博多区祇園町１－１８イーグル祇園伍番館501
M400010586,福岡県福岡市博多区祇園町１－１８イーグル祇園伍番館502
M400010647,福岡県福岡市博多区千代１－３０－２４ラ・レジダンス・ド・,福岡県庁前904
M400010671,福岡県福岡市博多区須崎町６－５
M400010797,福岡県福岡市南区大橋３－２１－２０アルファコート101
M400010801,福岡県福岡市南区大橋３－２１－２０アルファコート201
M400010803,福岡県福岡市南区大橋３－２１－２０アルファコート205
M400010804,福岡県福岡市南区大橋３－２１－２０アルファコート206
M400010809,福岡県福岡市博多区美野島３丁目５－４パインヒルズ美野島401
M400010810,福岡県福岡市博多区美野島３丁目５－４パインヒルズ美野島406
M400010811,福岡県福岡市博多区美野島３丁目５－４パインヒルズ美野島602
M400010812,福岡県福岡市博多区美野島３丁目５－４パインヒルズ美野島703
M400010813,福岡県福岡市博多区美野島３丁目５－４パインヒルズ美野島707
M400010906,福岡県福岡市中央区春吉３－２５－３　201
M400010908,福岡県福岡市中央区春吉３－２５－３　202
M400010909,福岡県福岡市中央区春吉３－２５－３　203
M400010910,福岡県福岡市中央区春吉３－２５－３　204
M400010911,福岡県新宮町夜臼３丁目６番１１号
M400010919,福岡県福岡市中央区荒戸２－４－４７サングレイス西公園Ⅰ202
M400010937,福岡県福岡市博多区那珂１丁目３３番地２３号
M400010939,福岡県福岡市中央区白金２－１－６メゾン薬院305
M400010940,福岡県福岡市中央区白金２－１－６メゾン薬院408
M400010941,福岡県福岡市中央区白金２－１－６メゾン薬院409
M400010968,福岡県福岡市城南区別府１－１０－９エルムコーポⅠ101
M400010969,福岡県福岡市城南区別府１－１０－９エルムコーポⅠ103
M400010970,福岡県福岡市城南区別府１－１０－９エルムコーポⅠ201
M400011016,福岡県福岡市西区周船寺２０２番地２
M400011017,福岡県太宰府市五条１－９－３９コンフォートハウス太宰府五条
M400011018,福岡県福岡市中央区六本松３丁目１０－５サンハウスＢ105
M400011019,福岡県福岡市博多区住吉５丁目１０－１５クラリス博多212
M400011078,福岡県福岡市東区箱崎３丁目９－３８明石ビル201
M400011261,福岡県福岡市西区宮浦２１２９－１６
M400011262,福岡県八女市立花町白木３１５３－１
M400011288,福岡県福岡市南区柳河内２－１１－３１コーポ柳河内101
M400011289,福岡県福岡市南区柳河内２－１１－３１コーポ柳河内102
M400011290,福岡県福岡市南区柳河内２－１１－３１コーポ柳河内103
M400011291,福岡県福岡市南区柳河内２－１１－３１コーポ柳河内105
M400011292,福岡県福岡市南区柳河内２－１１－３１コーポ柳河内203
M400011318,福岡県春日市上白水９丁目１５６Ｉｔ’ｓ春日タウンＢ棟201
M400011319,福岡県春日市上白水９丁目１５６Ｉｔ’ｓ春日タウンＢ棟202
M400011321,福岡県福岡市博多区吉塚６丁目３番７号
M400011347,福岡県福岡市東区香住ケ丘２－８－２７　201
M400011357,福岡県福岡市中央区赤坂３丁目１番２９　202
M400011358,福岡県福岡市中央区赤坂３丁目１番２９　203
M400011359,福岡県福岡市中央区赤坂３丁目１番２９　702
M400011411,福岡県福岡市博多区千代４－２９－２８
M400011429,福岡県福岡市中央区警固２‐１３‐２１パインヒル警固503
M400011431,福岡県福岡市中央区警固２‐１３‐２１パインヒル警固602
M400011434,福岡県福岡市博多区美野島３－５－４パインヒルズ美野島408
M400011436,福岡県福岡市博多区美野島３－５－４パインヒルズ美野島505
M400011437,福岡県福岡市博多区美野島３－５－４パインヒルズ美野島506
M400011438,福岡県福岡市博多区美野島３－５－４パインヒルズ美野島508
M400011443,福岡県福岡市博多区美野島３－５－４パインヒルズ美野島510
M400011517,福岡県古賀市薦野６１３
M400011519,福岡県久留米市津福今町２９５－２６
M400011571,福岡県福岡市城南区堤１－３－３０ＲＸ堤101
M400011572,福岡県福岡市城南区堤１－３－３０ＲＸ堤102
M400011573,福岡県福岡市城南区堤１－３－３０ＲＸ堤104
M400011574,福岡県福岡市城南区堤１－３－３０ＲＸ堤202
M400011575,福岡県福岡市城南区堤１－３－３０ＲＸ堤302
M400011576,福岡県福岡市城南区堤１－３－３０ＲＸ堤304
M400011577,福岡県福岡市城南区堤１－３－３０ＲＸ堤401
M400011578,福岡県福岡市城南区堤１－３－３０ＲＸ堤403
M400011579,福岡県福岡市城南区堤１－３－３０ＲＸ堤405
M400011581,福岡県福岡市博多区住吉２－７－１６ＬＰ博多414
M400011582,福岡県福岡市博多区住吉２－７－１６ＬＰ博多415
M400011583,福岡県福岡市博多区住吉２－７－１６ＬＰ博多613
M400011584,福岡県福岡市博多区住吉２－７－１６ＬＰ博多615
M400011585,福岡県福岡市博多区住吉２－７－１６ＬＰ博多621
M400011586,福岡県福岡市博多区住吉２－７－１６ＬＰ博多622
M400011587,福岡県福岡市博多区住吉２－７－１６ＬＰ博多713
M400011588,福岡県福岡市博多区住吉２－７－１６ＬＰ博多724
M400011590,福岡県福岡市博多区住吉２－７－１６ＬＰ博多725
M400011591,福岡県福岡市博多区住吉２－７－１６ＬＰ博多821
M400011593,福岡県福岡市博多区中洲二丁目１－１１プレイスポットしんばしビル本館806