ＥＳＴＡＳＩＡ両国2F,東京都墨田区両国１－５－２ＥＳＴＡＳＩＡ両国2F
ＥＳＴＡＳＩＡ両国3F,東京都墨田区両国１－５－２ＥＳＴＡＳＩＡ両国3F
ＥＳＴＡＳＩＡ両国4F,東京都墨田区両国１－５－２ＥＳＴＡＳＩＡ両国4F
ＥＳＴＡＳＩＡ両国5F,東京都墨田区両国１－５－２ＥＳＴＡＳＩＡ両国5F
ＥＳＴＡＳＩＡ両国6F,東京都墨田区両国１－５－２ＥＳＴＡＳＩＡ両国6F
大起ビル103,東京都墨田区両国２－１７－１１大起ビル103
大起ビル201,東京都墨田区両国２－１７－１１大起ビル201
大起ビル604,東京都墨田区両国２－１７－１１大起ビル604
大起ビル605,東京都墨田区両国２－１７－１１大起ビル605
大起ビル701,東京都墨田区両国２－１７－１１大起ビル701
大起ビル704,東京都墨田区両国２－１７－１１大起ビル704
大起ビル801,東京都墨田区両国２－１７－１１大起ビル801
大起ビル804,東京都墨田区両国２－１７－１１大起ビル804
大起ビル805,東京都墨田区両国２－１７－１１大起ビル805
M130002820,東京都墨田区両国３－１３－６
両国ガイビル参番館4F,東京都墨田区両国３−２３−９両国ガイビル参番館4F
ウィング両国702,東京都墨田区両国４－３８－６ウィング両国702
ウィング両国802,東京都墨田区両国４－３８－６ウィング両国802
Ｅナカジマ702,東京都墨田区千歳３−５−８Ｅナカジマ702
M130002161,東京都墨田区緑１－２７－１２201
M130002136,東京都墨田区緑１－２７－１２202
M130002162,東京都墨田区緑１－２７－１２301
M130002163,東京都墨田区緑１－２７－１２302
緑町塚本ビル10F,東京都墨田区緑３－１４－１１緑町塚本ビル10F
緑町塚本ビル401,東京都墨田区緑３－１４－１１緑町塚本ビル401
緑町塚本ビル601,東京都墨田区緑３－１４－１１緑町塚本ビル601
M130009398,東京都墨田区緑３－１４－１１701
緑町塚本ビル901,東京都墨田区緑３－１４－１１緑町塚本ビル901
国際ビル2F,東京都墨田区立川１－１４－４国際ビル2F
国際ビル3F,東京都墨田区立川１－１４－４国際ビル3F
国際ビル401,東京都墨田区立川１－１４－４国際ビル401
国際ビル402,東京都墨田区立川１－１４－４国際ビル402
国際ビル5F,東京都墨田区立川１－１４－４国際ビル5F
M130001153,東京都墨田区立川２－６－１１
クレール菊川701,東京都墨田区菊川２－５－４クレール菊川701
ラコティスカイマンション603,東京都墨田区江東橋１－１６－１ラコティスカイマンション603
リヴシティ錦糸町参番館1101,東京都墨田区江東橋１丁目２−４リヴシティ錦糸町参番館1101
リヴシティ錦糸町参番館1102,東京都墨田区江東橋１丁目２−４リヴシティ錦糸町参番館1102
リヴシティ錦糸町参番館1201,東京都墨田区江東橋１丁目２−４リヴシティ錦糸町参番館1201
リヴシティ錦糸町参番館1202,東京都墨田区江東橋１丁目２−４リヴシティ錦糸町参番館1202
リヴシティ錦糸町参番館201,東京都墨田区江東橋１丁目２−４リヴシティ錦糸町参番館201
リヴシティ錦糸町参番館202,東京都墨田区江東橋１丁目２−４リヴシティ錦糸町参番館202
リヴシティ錦糸町参番館301,東京都墨田区江東橋１丁目２−４リヴシティ錦糸町参番館301
リヴシティ錦糸町参番館302,東京都墨田区江東橋１丁目２−４リヴシティ錦糸町参番館302
リヴシティ錦糸町参番館401,東京都墨田区江東橋１丁目２−４リヴシティ錦糸町参番館401
リヴシティ錦糸町参番館402,東京都墨田区江東橋１丁目２−４リヴシティ錦糸町参番館402
リヴシティ錦糸町参番館501,東京都墨田区江東橋１丁目２−４リヴシティ錦糸町参番館501
リヴシティ錦糸町参番館502,東京都墨田区江東橋１丁目２−４リヴシティ錦糸町参番館502
リヴシティ錦糸町参番館601,東京都墨田区江東橋１丁目２−４リヴシティ錦糸町参番館601
リヴシティ錦糸町参番館602,東京都墨田区江東橋１丁目２−４リヴシティ錦糸町参番館602
リヴシティ錦糸町参番館701,東京都墨田区江東橋１丁目２−４リヴシティ錦糸町参番館701
リヴシティ錦糸町参番館702,東京都墨田区江東橋１丁目２−４リヴシティ錦糸町参番館702
リヴシティ錦糸町参番館801,東京都墨田区江東橋１丁目２−４リヴシティ錦糸町参番館801
リヴシティ錦糸町参番館802,東京都墨田区江東橋１丁目２−４リヴシティ錦糸町参番館802
リヴシティ錦糸町参番館901,東京都墨田区江東橋１丁目２−４リヴシティ錦糸町参番館901
リヴシティ錦糸町参番館902,東京都墨田区江東橋１丁目２−４リヴシティ錦糸町参番館902
リヴシティ錦糸町参番館1001,東京都墨田区江東橋一丁目２番４号リヴシティ錦糸町参番館1001
リヴシティ錦糸町参番館1002,東京都墨田区江東橋一丁目２番４号リヴシティ錦糸町参番館1002
リービル3,4,5,東京都墨田区江東橋２－１０－７リービル3,4,5
M130010735,東京都墨田区江東橋３−５−４富田ビル4F5F6F
M130007930,東京都墨田区江東橋４－１２－１０201
ウッディサンハイム２階201,東京都墨田区江東橋５－２－２ウッディサンハイム２階201
ウッディサンハイム601,東京都墨田区江東橋５－２－２ウッディサンハイム601
ウッディサンハイム605,東京都墨田区江東橋５－２－２ウッディサンハイム605
ウッディサンハイム905,東京都墨田区江東橋５－２－２ウッディサンハイム905
植田ハイツ202,東京都墨田区亀沢１－３－１２植田ハイツ202
植田ハイツ301,東京都墨田区亀沢１－３－１２植田ハイツ301
植田ハイツ302,東京都墨田区亀沢１－３－１２植田ハイツ302
M130008099,東京都墨田区亀沢１－１７－２101
M130008101,東京都墨田区亀沢１－１７－２102
M130008104,東京都墨田区亀沢１－１７－２201
恵立ビル205,東京都墨田区亀沢３－２１－４恵立ビル205
錦糸町インターナショナルレジデンス501,東京都墨田区亀沢４－９－１錦糸町インターナショナルレジデンス501
錦糸町インターナショナルレジデンス502,東京都墨田区亀沢４－９－１錦糸町インターナショナルレジデンス502
ランドフォレスト両国401,東京都墨田区石原１ー２３ー５ランドフォレスト両国401
ランドフォレスト5F6F,東京都墨田区石原１−２３−５ランドフォレスト5F6F
白馬幸和ビル401,東京都墨田区石原２－１８－１白馬幸和ビル401
リヴシティ両国参番館1201,東京都墨田区石原２ー１７ー１３リヴシティ両国参番館1201
リヴシティ両国参番館201,東京都墨田区石原２ー１７ー１３リヴシティ両国参番館201
リヴシティ両国参番館301,東京都墨田区石原２ー１７ー１３リヴシティ両国参番館301
リヴシティ両国参番館302,東京都墨田区石原２ー１７ー１３リヴシティ両国参番館302
リヴシティ両国参番館502,東京都墨田区石原２ー１７ー１３リヴシティ両国参番館502
リヴシティ両国参番館702,東京都墨田区石原２ー１７ー１３リヴシティ両国参番館702
ガリシア両国101,東京都墨田区石原２丁目４－４ガリシア両国101
ガリシア両国201,東京都墨田区石原２丁目４－４ガリシア両国201
ガリシア両国202,東京都墨田区石原２丁目４－４ガリシア両国202
ガリシア両国203,東京都墨田区石原２丁目４－４ガリシア両国203
ガリシア両国301,東京都墨田区石原２丁目４－４ガリシア両国301
ガリシア両国302,東京都墨田区石原２丁目４－４ガリシア両国302
ガリシア両国303,東京都墨田区石原２丁目４－４ガリシア両国303
ガリシア両国401,東京都墨田区石原２丁目４－４ガリシア両国401
ガリシア両国402,東京都墨田区石原２丁目４－４ガリシア両国402
ガリシア両国403,東京都墨田区石原２丁目４－４ガリシア両国403
ガリシア両国501,東京都墨田区石原２丁目４－４ガリシア両国501
ガリシア両国502,東京都墨田区石原２丁目４－４ガリシア両国502
ガリシア両国503,東京都墨田区石原２丁目４－４ガリシア両国503
墨田区石原３丁目共同住宅301,東京都墨田区石原３－１３－２墨田区石原３丁目共同住宅301
墨田区石原３丁目共同住宅302,東京都墨田区石原３－１３－２墨田区石原３丁目共同住宅302
墨田区石原３丁目共同住宅401,東京都墨田区石原３－１３－２墨田区石原３丁目共同住宅401
墨田区石原３丁目共同住宅402,東京都墨田区石原３－１３－２墨田区石原３丁目共同住宅402
墨田区石原３丁目共同住宅501,東京都墨田区石原３－１３－２墨田区石原３丁目共同住宅501
墨田区石原３丁目共同住宅502,東京都墨田区石原３－１３－２墨田区石原３丁目共同住宅502
墨田区石原３丁目共同住宅601,東京都墨田区石原３－１３－２墨田区石原３丁目共同住宅601
墨田区石原３丁目共同住宅602,東京都墨田区石原３－１３－２墨田区石原３丁目共同住宅602
墨田区石原３丁目共同住宅701,東京都墨田区石原３－１３－２墨田区石原３丁目共同住宅701
墨田区石原３丁目共同住宅702,東京都墨田区石原３－１３－２墨田区石原３丁目共同住宅702
田代ビル3F,東京都墨田区石原４−１−４田代ビル3F
M130002773,東京都墨田区石原４－２０－４
あすかパレス１階,東京都墨田区本所１－３１－７あすかパレス１階
あすかパレス２階,東京都墨田区本所１－３１－７あすかパレス２階
M130009899,東京都墨田区本所２－７－２１階
M130001120,東京都墨田区本所２－１６－３
浅草東駒形クセレール101,東京都墨田区東駒形１－１０－１１浅草東駒形クセレール101
浅草東駒形クセレール201,東京都墨田区東駒形１－１０－１１浅草東駒形クセレール201
浅草東駒形クセレール202,東京都墨田区東駒形１－１０－１１浅草東駒形クセレール202
浅草東駒形クセレール301,東京都墨田区東駒形１－１０－１１浅草東駒形クセレール301
浅草東駒形クセレール501,東京都墨田区東駒形１－１０－１１浅草東駒形クセレール501
浅草東駒形クセレール502,東京都墨田区東駒形１－１０－１１浅草東駒形クセレール502
浅草東駒形クセレール601,東京都墨田区東駒形１－１０－１１浅草東駒形クセレール601
浅草東駒形クセレール602,東京都墨田区東駒形１－１０－１１浅草東駒形クセレール602
速水アパート1F,東京都墨田区東駒形１－１４－４速水アパート1F
青木ビル201,東京都墨田区東駒形２－３－１１青木ビル201
青木ビル202,東京都墨田区東駒形２－３－１１青木ビル202
青木ビル203,東京都墨田区東駒形２－３－１１青木ビル203
青木ビル204,東京都墨田区東駒形２－３－１１青木ビル204
青木ビル205,東京都墨田区東駒形２－３－１１青木ビル205
M130001136,東京都墨田区東駒形２－５－８
M130009657,東京都墨田区東駒形４－２４－１1F
M130009659,東京都墨田区東駒形４－２４－１2F
M130009660,東京都墨田区東駒形４－２４－１3F
M130001132,東京都墨田区吾妻橋１－２２－１２
M130005677,東京都墨田区吾妻橋２－１６－５４階
M130005645,東京都墨田区吾妻橋２－１６－５５階
M130006963,東京都墨田区吾妻橋２−２−４
吾妻橋ハイム301,東京都墨田区吾妻橋３－１－１７吾妻橋ハイム301
吾妻橋ハイム401,東京都墨田区吾妻橋３－１－１７吾妻橋ハイム401
吾妻橋ハイム402,東京都墨田区吾妻橋３－１－１７吾妻橋ハイム402
M130001347,東京都墨田区吾妻橋３－２－１３
M130009027,東京都墨田区錦糸２－１２－２
オフィスナカジマビル402,東京都墨田区錦糸３－７－３オフィスナカジマビル402
オフィスナカジマビル302,東京都墨田区錦糸３－７－３オフィスナカジマビル302
１階,東京都墨田区太平１－１５－４１階
フォレシティ錦糸町1101,東京都墨田区太平２－９－５フォレシティ錦糸町1101
フォレシティ錦糸町1102,東京都墨田区太平２－９－５フォレシティ錦糸町1102
フォレシティ錦糸町1104,東京都墨田区太平２－９－５フォレシティ錦糸町1104
フォレシティ錦糸町1302,東京都墨田区太平２－９－５フォレシティ錦糸町1302
フォレシティ錦糸町401,東京都墨田区太平２－９－５フォレシティ錦糸町401
フォレシティ錦糸町503,東京都墨田区太平２－９－５フォレシティ錦糸町503
フォレシティ錦糸町603,東京都墨田区太平２－９－５フォレシティ錦糸町603
フォレシティ錦糸町1202,東京都墨田区太平２丁目９番５フォレシティ錦糸町1202
石山マンション601,東京都墨田区横川１－１２－６石山マンション601
石山マンション701,東京都墨田区横川１－１２－６石山マンション701
M130007054,東京都墨田区横川１丁目８ー７
ハーネス横川301,東京都墨田区横川２－１２－２ハーネス横川301
M130002964,東京都墨田区業平１－７－３
ジーベック押上402,東京都墨田区業平１－１０－７ジーベック押上402
M130006020,東京都墨田区業平２－５－１６
ホーユウコンフォルト隅田公園301,東京都墨田区業平２－１６－４ホーユウコンフォルト隅田公園301
ＪＴＣ ＮＥＷ ＴＯＷＥＲ3F,東京都墨田区業平２－１９－３ＪＴＣ ＮＥＷ ＴＯＷＥＲ3F
ＪＴＣ ＮＥＷ ＴＯＷＥＲ4F,東京都墨田区業平２－１９－３ＪＴＣ ＮＥＷ ＴＯＷＥＲ4F
ランコントル押上402,東京都墨田区業平３ー７ー１５ランコントル押上402
ランコントル押上502,東京都墨田区業平３ー７ー１５ランコントル押上502
ＹＭＫ押上401,東京都墨田区業平３－１６－６ＹＭＫ押上401
ＹＭＫ押上501,東京都墨田区業平３－１６－６ＹＭＫ押上501
ＹＭＫ押上502,東京都墨田区業平３－１６－６ＹＭＫ押上502
ＹＭＫ押上601,東京都墨田区業平３－１６－６ＹＭＫ押上601
ＹＭＫ押上602,東京都墨田区業平３－１６－６ＹＭＫ押上602
ＹＭＫ押上701,東京都墨田区業平３－１６－６ＹＭＫ押上701
ＹＭＫ押上702,東京都墨田区業平３－１６－６ＹＭＫ押上702
ＹＭＲ押上202,東京都墨田区業平３－１６－６ＹＭＲ押上202
M130001589,東京都墨田区業平３－１７－９306
M130001590,東京都墨田区業平３－１７－９307
M130001591,東京都墨田区業平３－１７－９308
マルホンビル301,東京都墨田区業平３－１７－９マルホンビル301
マルホンビル302,東京都墨田区業平３－１７－９マルホンビル302
マルホンビル303,東京都墨田区業平３－１７－９マルホンビル303
マルホンビル304,東京都墨田区業平３－１７－９マルホンビル304
マルホンビル305,東京都墨田区業平３－１７－９マルホンビル305
ＹＭＫ押上301,東京都墨田区業平３ー１６ー６ＹＭＫ押上301
メゾン東京ＳＯＬＡＭＡＣＨＩ5F,東京都墨田区業平３－４－１１メゾン東京ＳＯＬＡＭＡＣＨＩ5F
M130001180,東京都墨田区業平４－１２－７401
M130001182,東京都墨田区業平４－１２－７403
M130005334,東京都墨田区業平４－１２－７501
M130005335,東京都墨田区業平４－１２－７502
M130005337,東京都墨田区業平４－１２－７503
M130005339,東京都墨田区業平４－１２－７601
M130005340,東京都墨田区業平４－１２－７602
M130005341,東京都墨田区業平４－１２－７603
グリーンシーオシアゲ701,東京都墨田区業平４－１２－７グリーンシーオシアゲ701
グリーンシーオシアゲ702,東京都墨田区業平４－１２－７グリーンシーオシアゲ702
グリーンシーオシアゲ203,東京都墨田区業平４－１２－７グリーンシーオシアゲ203
グリーンシーオシアゲ303,東京都墨田区業平４－１２－７グリーンシーオシアゲ303
グリーンシーオシアゲ402,東京都墨田区業平４－１２－７グリーンシーオシアゲ402
グリーンシー押上202,東京都墨田区業平４－１２－７グリーンシー押上202
グリーンシー押上301,東京都墨田区業平４－１２－７グリーンシー押上301
シエルブルー207,東京都墨田区業平５－１０－９シエルブルー207
シエルブルー407,東京都墨田区業平５－１０－９シエルブルー407
シエルブルー607,東京都墨田区業平５－１０－９シエルブルー607
シエルブルー702,東京都墨田区業平５－１０－９シエルブルー702
シエルブルー703,東京都墨田区業平５－１０－９シエルブルー703
シエルブルー705,東京都墨田区業平５－１０－９シエルブルー705
シエルブルー706,東京都墨田区業平５－１０－９シエルブルー706
M130001143,東京都墨田区向島１－６－１1201
ＷｉｓｅＰａｒｋ101,東京都墨田区向島１－７－６ＷｉｓｅＰａｒｋ101
ＷｉｓｅＰａｒｋ102,東京都墨田区向島１－７－６ＷｉｓｅＰａｒｋ102
ＷｉｓｅＰａｒｋ103,東京都墨田区向島１－７－６ＷｉｓｅＰａｒｋ103
ＷｉｓｅＰａｒｋ203,東京都墨田区向島１－７－６ＷｉｓｅＰａｒｋ203
ＷｉｓｅＰａｒｋ301,東京都墨田区向島１－７－６ＷｉｓｅＰａｒｋ301
ＷｉｓｅＰａｒｋ302,東京都墨田区向島１－７－６ＷｉｓｅＰａｒｋ302
ＷｉｓｅＰａｒｋ401,東京都墨田区向島１－７－６ＷｉｓｅＰａｒｋ401
ＷｉｓｅＰａｒｋ402,東京都墨田区向島１－７－６ＷｉｓｅＰａｒｋ402
ＷｉｓｅＰａｒｋ501,東京都墨田区向島１－７－６ＷｉｓｅＰａｒｋ501
ＷｉｓｅＰａｒｋ502,東京都墨田区向島１－７－６ＷｉｓｅＰａｒｋ502
ＷｉｓｅＰａｒｋ503,東京都墨田区向島１－７－６ＷｉｓｅＰａｒｋ503
M130001119,東京都墨田区向島１－９－１
M130001150,東京都墨田区向島２－６－３
ＯＳＨＩＡＧＥ墨邸101,東京都墨田区向島３－２８－３ＯＳＨＩＡＧＥ墨邸101
ＯＳＨＩＡＧＥ墨邸102,東京都墨田区向島３－２８－３ＯＳＨＩＡＧＥ墨邸102
ＯＳＨＩＡＧＥ墨邸103,東京都墨田区向島３－２８－３ＯＳＨＩＡＧＥ墨邸103
ＯＳＨＩＡＧＥ墨邸201,東京都墨田区向島３－２８－３ＯＳＨＩＡＧＥ墨邸201
ＯＳＨＩＡＧＥ墨邸202,東京都墨田区向島３－２８－３ＯＳＨＩＡＧＥ墨邸202
ＯＳＨＩＡＧＥ墨邸203,東京都墨田区向島３－２８－３ＯＳＨＩＡＧＥ墨邸203
ＯＳＨＩＡＧＥ墨邸204,東京都墨田区向島３－２８－３ＯＳＨＩＡＧＥ墨邸204
ＯＳＨＩＡＧＥ墨邸301,東京都墨田区向島３－２８－３ＯＳＨＩＡＧＥ墨邸301
ＯＳＨＩＡＧＥ墨邸303,東京都墨田区向島３－２８－３ＯＳＨＩＡＧＥ墨邸303
ＯＳＨＩＡＧＥ墨邸304,東京都墨田区向島３－２８－３ＯＳＨＩＡＧＥ墨邸304
ＯＳＨＩＡＧＥ墨邸401,東京都墨田区向島３－２８－３ＯＳＨＩＡＧＥ墨邸401
ＯＳＨＩＡＧＥ墨邸402,東京都墨田区向島３－２８－３ＯＳＨＩＡＧＥ墨邸402
ＯＳＨＩＡＧＥ墨邸403,東京都墨田区向島３－２８－３ＯＳＨＩＡＧＥ墨邸403
ＯＳＨＩＡＧＥ墨邸404,東京都墨田区向島３－２８－３ＯＳＨＩＡＧＥ墨邸404
ＯＳＨＩＡＧＥ墨邸502,東京都墨田区向島３－２８－３ＯＳＨＩＡＧＥ墨邸502
ＯＳＨＩＡＧＥ墨邸503,東京都墨田区向島３－２８－３ＯＳＨＩＡＧＥ墨邸503
ビューハイツ東京商産業ビル302,東京都墨田区向島３－４１－１４ビューハイツ東京商産業ビル302
スプリングハイツ303,東京都墨田区向島３－４５－１５スプリングハイツ303
スプリングハイツ305,東京都墨田区向島３－４５－１５スプリングハイツ305
M130001122,東京都墨田区向島３－４６－２
M130001147,東京都墨田区向島３－７－４
グレイス向島202,東京都墨田区向島４－３－３グレイス向島202
M130001330,東京都墨田区向島４－１８－１３
第三奥山ビル101,東京都墨田区向島４－２８－２第三奥山ビル101
レイス向島201,東京都墨田区向島４－３－３グレイス向島201
M130001329,東京都墨田区向島５－２９－１０201
青木ビル301,東京都墨田区向島５－２９－１０青木ビル301
ＰｉｒａｎｅＨＯＵＳＥ101,東京都墨田区向島５丁目３１ー１１ＰｉｒａｎｅＨＯＵＳＥ101
染谷ビル201,東京都墨田区向島５－４９－６染谷ビル201
染谷ビル202,東京都墨田区向島５－４９－６染谷ビル202
染谷ビル301,東京都墨田区向島５－４９－６染谷ビル301
ウィンベルコーラス向島301,東京都墨田区向島５丁目４３－２３ウィンベルコーラス向島301
向島ハウスメゾネット,東京都墨田区東向島１－６－１２向島ハウスメゾネット
向島ハウス101,東京都墨田区東向島１－６－１２向島ハウス101
向島ハウス201,東京都墨田区東向島１－６－１２向島ハウス201
M130006874,東京都墨田区東向島２―１９―３
M130006503,東京都墨田区東向島４－３９－１６1F
M130004079,東京都墨田区東向島５－３４－９
M130008467,東京都墨田区東向島６－３９－９
M130006749,東京都墨田区東向島６－６３－９2F
M130003396,東京都墨田区墨田１－１２－４
ビシクレットスミダ2,東京都墨田区墨田２－２２－１ビシクレットスミダ2
ＵＲＢＡＮＡＧＥ墨田３丁目201,東京都墨田区墨田３‐９‐１２ＵＲＢＡＮＡＧＥ墨田３丁目201
タウニーアサミＡ102,東京都墨田区墨田４－２９－３タウニーアサミＡ102
タウニーアサミＡ103,東京都墨田区墨田４－２９－３タウニーアサミＡ103
タウニーアサミＡ301,東京都墨田区墨田４－２９－３タウニーアサミＡ301
M130005445,東京都墨田区墨田４−４１−１９
M130001139,東京都墨田区墨田５－３３－１７
M130005477,東京都墨田区墨田５－５－１１201
M130001344,東京都墨田区押上１－１２－４201
M130001345,東京都墨田区押上１－１２－４202
M130001346,東京都墨田区押上１－１２－４203
押上ハウス,東京都墨田区押上１－３４－２押上ハウス
押上清流ビル2F,東京都墨田区押上１－３８－４押上清流ビル2F
コーポ西十間橋301,東京都墨田区押上１－４１－６コーポ西十間橋301
コーポ西十間橋302,東京都墨田区押上１－４１－６コーポ西十間橋302
押上ＰＡＲＫＳＱＵＡＲＥ513,東京都墨田区押上２−３３−７押上ＰＡＲＫＳＱＵＡＲＥ513
M130005540,東京都墨田区押上２−６−１０
Ｆ２ビル101,東京都墨田区押上２－９－１８Ｆ２ビル101
M130010767,東京都墨田区押上３－１－６101
M130010769,東京都墨田区押上３－１－６201
M130010770,東京都墨田区押上３－１－６301
M130002289,東京都墨田区押上３－２２－２１102
M130001151,東京都墨田区押上３－４０－８
武石マンション301402,東京都墨田区押上一丁目４５番１１号武石マンション301402
M130000211,東京都墨田区京島１－１０－２
M130003777,東京都墨田区京島１－１３－７
M130006748,東京都墨田区京島１−３１ー１２
M130006624,東京都墨田区京島１−５０−１１
M130003350,東京都墨田区京島２－１２－２
M130009474,東京都墨田区京島３－１５－２1F
M130010759,東京都墨田区京島３－５４－６
M130003348,東京都墨田区京島３－５７－９
M130004484,東京都墨田区京島３丁目５４－６
リノスタイル押上B1,東京都墨田区文花１丁目１３番１号リノスタイル押上B1
ＣＯＲＤＥＡ八広101,東京都墨田区八広１－１５－１０ＣＯＲＤＥＡ八広101
ＣＯＲＤＥＡ八広102,東京都墨田区八広１－１５－１０ＣＯＲＤＥＡ八広102
ＣＯＲＤＥＡ八広103,東京都墨田区八広１－１５－１０ＣＯＲＤＥＡ八広103
ＣＯＲＤＥＡ八広201,東京都墨田区八広１－１５－１０ＣＯＲＤＥＡ八広201
ＣＯＲＤＥＡ八広202,東京都墨田区八広１－１５－１０ＣＯＲＤＥＡ八広202
ＣＯＲＤＥＡ八広203,東京都墨田区八広１－１５－１０ＣＯＲＤＥＡ八広203
ＣＯＲＤＥＡ八広301,東京都墨田区八広１－１５－１０ＣＯＲＤＥＡ八広301
ＣＯＲＤＥＡ八広302,東京都墨田区八広１－１５－１０ＣＯＲＤＥＡ八広302
ＣＯＲＤＥＡ八広303,東京都墨田区八広１－１５－１０ＣＯＲＤＥＡ八広303
Ｆｒｏｓｔｙ’ｓ1,東京都墨田区八広２－２５－７Ｆｒｏｓｔｙ’ｓ1
Ｆｒｏｓｔｙ’ｓ2,東京都墨田区八広２－２５－７Ｆｒｏｓｔｙ’ｓ2
M130007553,東京都墨田区八広２－７－１０101
M130007554,東京都墨田区八広２－７－１０102
M130007557,東京都墨田区八広２－７－１０103
M130007558,東京都墨田区八広２－７－１０201
M130007560,東京都墨田区八広２－７－１０202
M130007562,東京都墨田区八広２－７－１０203
M130007563,東京都墨田区八広２－７－１０301
M130007564,東京都墨田区八広２－７－１０302
セレ八広202,東京都墨田区八広５－２０－１２セレ八広202
M130005923,東京都墨田区八広６ー２１ー８
M130009026,東京都墨田区八広６丁目５０－１３
M130001348,東京都墨田区立花２－１５－８
リバーサイドマンション103,東京都墨田区東墨田２－２７－１５リバーサイドマンション103