モンセラート四谷６０４,東京都新宿区荒木町７番地３モンセラート四谷６０４,03-5549-2442
M130003223,東京都新宿区下落合三丁目１番７号,03-6721-0933
セピアコート目白１０１,東京都新宿区下落合三丁目２２番１６号セピアコート目白１０１,080-4364-3906
M130005489,東京都新宿区下落合四丁目１０番８号,03-6715-5270
レジデンシャルステージ東新宿２０７,東京都新宿区歌舞伎町二丁目１９番１２号レジデンシャルステージ東新宿２０７,03-6273-9897
レジデンシャルステージ東新宿２０１,東京都新宿区歌舞伎町二丁目１９番１２号レジデンシャルステージ東新宿２０１,03-6794-0134
レジデンシャルステージ東新宿２０２,東京都新宿区歌舞伎町二丁目１９番１２号レジデンシャルステージ東新宿２０２,03-6794-0134
レジデンシャルステージ東新宿２０３,東京都新宿区歌舞伎町二丁目１９番１２号レジデンシャルステージ東新宿２０３,03-6794-0134
レジデンシャルステージ東新宿８０１,東京都新宿区歌舞伎町二丁目１９番１２号レジデンシャルステージ東新宿８０１,070-5016-1005
レジデンシャルステージ東新宿３０４,東京都新宿区歌舞伎町二丁目１９番１２号レジデンシャルステージ東新宿３０４,080-2015-2557
レジデンシャルステージ東新宿４０６,東京都新宿区歌舞伎町二丁目１９番１２号レジデンシャルステージ東新宿４０６,080-4079-3727
レジデンシャルステージ東新宿５０５,東京都新宿区歌舞伎町二丁目１９番１２号レジデンシャルステージ東新宿５０５,080-7848-7130
レジデンシャルステージ東新宿４０５,東京都新宿区歌舞伎町二丁目１９番１２号レジデンシャルステージ東新宿４０５,090-3404-4328
レジデンシャルステージ東新宿５０７,東京都新宿区歌舞伎町二丁目１９番１２号レジデンシャルステージ東新宿５０７,090-5390-6806
レジデンシャルステージ東新宿４０８,東京都新宿区歌舞伎町二丁目１９番１２号レジデンシャルステージ東新宿４０８,090-6507-1343
レジデンシャルステージ東新宿７０４,東京都新宿区歌舞伎町二丁目１９番１２号レジデンシャルステージ東新宿７０４,090-6540-9040
M130006614,東京都新宿区歌舞伎町二丁目１９番１２号レジデンシャルステージ東新宿１００７,080-1167-0761
M130008988,東京都新宿区歌舞伎町二丁目１９番１２号レジデンシャルステージ東新宿１１０４,080-4043-8519
M130005889,東京都新宿区歌舞伎町二丁目１９番１２号レジデンシャルステージ東新宿１１０６,080-1354-3757
M130011113,東京都新宿区歌舞伎町二丁目１９番１２号レジデンシャルステージ東新宿１２０４,090-3404-4328
ライオンズマンション歌舞伎町第３　４０２,東京都新宿区歌舞伎町二丁目２番１１号ライオンズマンション歌舞伎町第３　４０２,080-3064-0053
ライオンズマンション歌舞伎町第３　４０１,東京都新宿区歌舞伎町二丁目２番１１号ライオンズマンション歌舞伎町第３　４０１,080-9408-9876
ライオンズマンション歌舞伎町第３　３０６,東京都新宿区歌舞伎町二丁目２番１１号ライオンズマンション歌舞伎町第３　３０６,090-6455-5438
新宿ビル７０１,東京都新宿区歌舞伎町二丁目４２番１７号新宿ビル７０１,03-6457-8029
新宿ビル７０２,東京都新宿区歌舞伎町二丁目４２番１７号新宿ビル７０２,03-6457-8029
新宿ビル７０５,東京都新宿区歌舞伎町二丁目４２番１７号新宿ビル７０５,03-6457-8029
新宿ビル９０１,東京都新宿区歌舞伎町二丁目４２番１７号新宿ビル９０１,03-6457-8029
新宿ビル９０３,東京都新宿区歌舞伎町二丁目４２番１７号新宿ビル９０３,03-6457-8029
新宿ビル９０５,東京都新宿区歌舞伎町二丁目４２番１７号新宿ビル９０５,03-6457-8029
新宿ビル９０７,東京都新宿区歌舞伎町二丁目４２番１７号新宿ビル９０７,03-6457-8029
新宿ビル６０１,東京都新宿区歌舞伎町二丁目４２番１７号新宿ビル６０１,03-4405-4428
新宿ビル６０２,東京都新宿区歌舞伎町二丁目４２番１７号新宿ビル６０２,03-4405-4428
新宿ビル６０３,東京都新宿区歌舞伎町二丁目４２番１７号新宿ビル６０３,03-4405-4428
新宿ビル６０７,東京都新宿区歌舞伎町二丁目４２番１７号新宿ビル６０７,03-4405-4428
ＪＫビル２０１,東京都新宿区歌舞伎町二丁目７番１５号ＪＫビル２０１,03-6876-3083
ボアマックスビル６０１,東京都新宿区歌舞伎町二丁目８番３号ボアマックスビル６０１,050-5873-9735
ＢＯＡＭＡＸ（浅岡ビル）５０１,東京都新宿区歌舞伎町二丁目８番３号ＢＯＡＭＡＸ（浅岡ビル）５０１,03-3587-9574
浅岡ビル２０２,東京都新宿区歌舞伎町二丁目８番３号浅岡ビル２０２,080-4667-8967
浅岡ビル３０１,東京都新宿区歌舞伎町二丁目８番３号浅岡ビル３０１,080-4667-8967
浅岡ビル３０２,東京都新宿区歌舞伎町二丁目８番３号浅岡ビル３０２,080-4667-8967
浅岡ビル５０２,東京都新宿区歌舞伎町二丁目８番３号浅岡ビル５０２,080-4667-8967
浅岡ビル８０１,東京都新宿区歌舞伎町二丁目８番３号浅岡ビル８０１,080-4667-8967
ガイア歌舞伎町壱番館２０１,東京都新宿区歌舞伎町二丁目８番９号ガイア歌舞伎町壱番館２０１,03-4405-4428
ガイア歌舞伎町壱番館３０４　,東京都新宿区歌舞伎町二丁目８番９号ガイア歌舞伎町壱番館３０４　,03-4405-4428
ガイア歌舞伎町壱番館５０３,東京都新宿区歌舞伎町二丁目８番９号ガイア歌舞伎町壱番館５０３,03-4405-4428
ガイア歌舞伎町壱番館５０４,東京都新宿区歌舞伎町二丁目８番９号ガイア歌舞伎町壱番館５０４,03-4405-4428
ガイア歌舞伎町壱番館２０３,東京都新宿区歌舞伎町二丁目８番９号ガイア歌舞伎町壱番館２０３,090-8811-7447
ガイア歌舞伎町壱番館２０２,東京都新宿区歌舞伎町二丁目８番９号ガイア歌舞伎町壱番館２０２,03-5549-2442
ガイア歌舞伎町壱番館１０２,東京都新宿区歌舞伎町二丁目８番９号ガイア歌舞伎町壱番館１０２,03-5549-2442
ガイア歌舞伎町壱番館３０１,東京都新宿区歌舞伎町二丁目８番９号ガイア歌舞伎町壱番館３０１,03-6897-0879
アトラス新宿河田町ヒルズ６０４,東京都新宿区河田町１０番１３号アトラス新宿河田町ヒルズ６０４,080-3001-3787
ＳＨＩＮＪＵＫＵＶＡＲＭＡビル１０１090-3814-5717,東京都新宿区河田町７番７号ＳＨＩＮＪＵＫＵＶＡＲＭＡビル１０１090-3814-5717,0
ＳＨＩＮＪＵＫＵＶＡＲＭＡビル１０２090-3814-5717,東京都新宿区河田町７番７号ＳＨＩＮＪＵＫＵＶＡＲＭＡビル１０２090-3814-5717,0
ＳＨＩＮＪＵＫＵＶＡＲＭＡビル１０３090-3814-5717,東京都新宿区河田町７番７号ＳＨＩＮＪＵＫＵＶＡＲＭＡビル１０３090-3814-5717,0
ＳＨＩＮＪＵＫＵＶＡＲＭＡビル２０３090-3814-5717,東京都新宿区河田町７番７号ＳＨＩＮＪＵＫＵＶＡＲＭＡビル２０３090-3814-5717,0
長島邸　１階,東京都新宿区原町三丁目７６番地１長島邸　１階,080-5027-4550
M130001852,東京都新宿区原町二丁目３０番地３,070-5558-7491
M130003979,東京都新宿区戸山一丁目６番４号,03-6661-0310
M130002223,東京都新宿区戸山三丁目１３番６号,080-1127-6678
四谷長岡ビル７０１,東京都新宿区荒木町１８番地７四谷長岡ビル７０１,03-6205-6499
四谷長岡ビル７０２,東京都新宿区荒木町１８番地７四谷長岡ビル７０２,03-6205-6499
四谷長岡ビル５０１,東京都新宿区荒木町１８番地７四谷長岡ビル５０１,03-6205-6499
四谷長岡ビル３０１,東京都新宿区荒木町１８番地７四谷長岡ビル３０１,03-6205-6499
四谷長岡ビル３０２,東京都新宿区荒木町１８番地７四谷長岡ビル３０２,03-6205-6499
モンセラート四谷６０５,東京都新宿区荒木町７番地３モンセラート四谷６０５,03-5549-2442
モンテリラ四谷２０１,東京都新宿区荒木町８番地モンテリラ四谷２０１,03-6447-1683
M130010098,東京都新宿区高田馬場一丁目１８番２４号,090-6331-6975
フジビル２Ｆ,東京都新宿区高田馬場一丁目７番１号フジビル２Ｆ,050-5577-7888
フジビル３Ｆ,東京都新宿区高田馬場一丁目７番１号フジビル３Ｆ,050-5577-7888
石田ビル３０２,東京都新宿区高田馬場三丁目１２番２５号石田ビル３０２,080-4416-9106
１，２Ｆ,東京都新宿区高田馬場三丁目１９番２１号１，２Ｆ,03-5787-8138
ジュネス高田馬場２０１,東京都新宿区高田馬場三丁目２４番１１号ジュネス高田馬場２０１,080-2073-6688
ジュネス高田馬場２０２,東京都新宿区高田馬場三丁目２４番１１号ジュネス高田馬場２０２,080-2073-6688
M130005433,東京都新宿区高田馬場三丁目２５番２７号,090-3593-9948
M130001918,東京都新宿区高田馬場三丁目４０番２２号,03-5330-3210
M130008809,東京都新宿区高田馬場三丁目４３番３号,03-5457-1150
Ａ棟,東京都新宿区高田馬場三丁目４４番２号Ａ棟,03-5834-2575
戸建てＢ,東京都新宿区高田馬場三丁目４４番２号戸建てＢ,03-5989-1885
畔上センタービル２Ｆ,東京都新宿区高田馬場四丁目１０番１５号畔上センタービル２Ｆ,03-6721-0933
市川ビルデンス４０１,東京都新宿区高田馬場四丁目１番７号市川ビルデンス４０１,03-6661-7734
エヴァーグリーン高田馬場１０１,東京都新宿区高田馬場四丁目２６番１６号エヴァーグリーン高田馬場１０１,080-3404-3310
エヴァーグリーン高田馬場２０１,東京都新宿区高田馬場四丁目２６番１６号エヴァーグリーン高田馬場２０１,080-3404-3310
アークリーフ１０２,東京都新宿区高田馬場四丁目３８番１６号アークリーフ１０２,03-5860-9670
１階,東京都新宿区高田馬場二丁目４番１号１階,090-9140-3863
２階,東京都新宿区高田馬場二丁目４番１号２階,090-9140-3863
高田馬場アドレス１０３,東京都新宿区高田馬場二丁目６番１０号高田馬場アドレス１０３,03-6273-9301
高田馬場アドレス４０６,東京都新宿区高田馬場二丁目６番１０号高田馬場アドレス４０６,03-6273-9301
高田馬場アドレス２０５,東京都新宿区高田馬場二丁目６番１０号高田馬場アドレス２０５,080-3369-3939
高田馬場アドレス１０１,東京都新宿区高田馬場二丁目６番１０号高田馬場アドレス１０１,03-6273-9313
高田馬場アドレス３０７,東京都新宿区高田馬場二丁目６番１０号高田馬場アドレス３０７,03-6271-0933
高田馬場アドレス２０６,東京都新宿区高田馬場二丁目６番１０号高田馬場アドレス２０６,03-4405-4428
高田馬場アドレス４０３,東京都新宿区高田馬場二丁目６番１０号高田馬場アドレス４０３,03-6273-9301
アパルトマン四谷３０１,東京都新宿区左門町１番地１７アパルトマン四谷３０１,03-5341-4555
アパルトマン四谷２０３,東京都新宿区左門町１番地１７アパルトマン四谷２０３,03-5341-4555
ビューロ―山吹　４Ｆ,東京都新宿区山吹町３５３番地ビューロ―山吹　４Ｆ,090-9149-5098
エース四谷ビル４０１,東京都新宿区四谷一丁目２０番地エース四谷ビル４０１,03-6455-4641
エース四谷ビル６０１,東京都新宿区四谷一丁目２０番地エース四谷ビル６０１,03-6455-4641
エース四谷ビル５０１,東京都新宿区四谷一丁目２０番地エース四谷ビル５０１,03-6455-4641
エース四谷ビル５０２,東京都新宿区四谷一丁目２０番地エース四谷ビル５０２,03-6455-4641
１階,東京都新宿区四谷坂町１０番４号１階,03-3353-3001
池田ハウス,東京都新宿区四谷坂町６番２号池田ハウス,090-1796-6243
静和コーポ２２,東京都新宿区四谷坂町８番８号静和コーポ２２,03-6447-2677
スカイラン四谷２階,東京都新宿区四谷四丁目１３番地スカイラン四谷２階,070-5587-1131
ランドビル４Ｆ,東京都新宿区四谷四丁目１３番地３１ランドビル４Ｆ,090-9953-5030
ランドビル１Ｆ,東京都新宿区四谷四丁目１３番地３１ランドビル１Ｆ,03-6806-7673
M130005717,東京都新宿区四谷四丁目１３番地６０,080-9617-5821
フォー＆フォー四谷ビル２０１,東京都新宿区四谷四丁目１４番地２フォー＆フォー四谷ビル２０１,03-6457-8029
フォー＆フォー四谷ビル１０１,東京都新宿区四谷四丁目１４番地２フォー＆フォー四谷ビル１０１,03-5787-8138
フォー＆フォー四谷ビル１０２,東京都新宿区四谷四丁目１４番地２フォー＆フォー四谷ビル１０２,03-5787-8138
フォー＆フォー四谷ビル２０２,東京都新宿区四谷四丁目１４番地２フォー＆フォー四谷ビル２０２,03-5787-8138
米倉ビル２Ｆ３Ｆ,東京都新宿区四谷四丁目１９番地米倉ビル２Ｆ３Ｆ,03-3341-2392
大木戸ビル６０２,東京都新宿区四谷四丁目２８番地６大木戸ビル６０２,03-6452-9450
松本館３０３,東京都新宿区四谷二丁目１０番地松本館３０３,080-3972-7978
松本館３０２,東京都新宿区四谷二丁目１０番地松本館３０２,080-3972-7978
松本館４０３,東京都新宿区四谷二丁目１０番地松本館４０３,080-3972-7978
松本館６０２,東京都新宿区四谷二丁目１０番地松本館６０２,080-3972-7978
ＭＹＫ四谷２丁目ビル３０２,東京都新宿区四谷二丁目１１番地１７ＭＹＫ四谷２丁目ビル３０２,03-6689-2000
エムワイケー四谷２丁目ビル１階,東京都新宿区四谷二丁目１１番地１７エムワイケー四谷２丁目ビル１階,03-3407-0540
エムワイケー四谷２丁目ビル４０１,東京都新宿区四谷二丁目１１番地１７エムワイケー四谷２丁目ビル４０１,03-3407-0540
ＭＹＫ四谷２丁目ビル３０１,東京都新宿区四谷二丁目１１番地１７ＭＹＫ四谷２丁目ビル３０１,03-3346-1830
ＭＹＫ四谷２丁目ビル２０１,東京都新宿区四谷二丁目１１番地１７ＭＹＫ四谷２丁目ビル２０１,03-5358-9201
ＭＹＫ四谷２丁目ビル２０２,東京都新宿区四谷二丁目１１番地１７ＭＹＫ四谷２丁目ビル２０２,03-5358-9201
ＭＹＫ四谷２丁目ビル５０１,東京都新宿区四谷二丁目１１番地１７ＭＹＫ四谷２丁目ビル５０１,03-5358-9201
第５三和ビル７０２号室,東京都新宿区四谷二丁目８番地８第５三和ビル７０２号室,03-6457-8029
ル・ブロー甲良,東京都新宿区市谷甲良町１番２２号ル・ブロー甲良,090-6040-5235
Ｓｔａｒ－Ｃｌｕｂ市ヶ谷１Ｆ・２Ｆ・３Ｆ,東京都新宿区市谷左内町２２番地Ｓｔａｒ－Ｃｌｕｂ市ヶ谷１Ｆ・２Ｆ・３Ｆ,045-326-6238
メゾン台町６０１,東京都新宿区市谷台町２番１号メゾン台町６０１,03-3590-5025
ロングディーン１０１,東京都新宿区市谷長延寺町６番地２５ロングディーン１０１,03-5940-4111
ロングディーン２０１,東京都新宿区市谷長延寺町６番地２５ロングディーン２０１,03-5940-4111
ロングディーン２０２,東京都新宿区市谷長延寺町６番地２５ロングディーン２０２,03-5940-4111
ロングディーン３０１,東京都新宿区市谷長延寺町６番地２５ロングディーン３０１,03-5940-4111
ロングディーン３０２,東京都新宿区市谷長延寺町６番地２５ロングディーン３０２,03-5940-4111
M130010179,東京都新宿区市谷田町三丁目２３番地１,070-6525-5888
M130002480,東京都新宿区市谷柳町２７番地,080-9973-7674
ドルチェ東新宿１４０１,東京都新宿区若松町１５番７号ドルチェ東新宿１４０１,03-3752-7177
アカデミーヒル若松４Ｆ,東京都新宿区若松町１７番２０号アカデミーヒル若松４Ｆ,03-3207-8484
マンスリーハウスプーラ１０１,東京都新宿区若葉一丁目２番地６マンスリーハウスプーラ１０１,03-3590-5025
マンスリーハウスプーラ２０１,東京都新宿区若葉一丁目２番地６マンスリーハウスプーラ２０１,03-3590-5025
マンスリーハウスプーラ２０２,東京都新宿区若葉一丁目２番地６マンスリーハウスプーラ２０２,03-3590-5025
２階,東京都新宿区若葉三丁目９番地１７２階,090-4846-0826
M130001884,東京都新宿区舟町１３番地４１,03-5369-3455
サエンロウビル３,東京都新宿区舟町４番地４サエンロウビル３,080-4188-7097
シャイネス曙橋１０１,東京都新宿区住吉町１１番２号シャイネス曙橋１０１,03-6233-9770
シャイネス曙橋１０２,東京都新宿区住吉町１１番２号シャイネス曙橋１０２,03-6233-9770
シャイネス曙橋１０３,東京都新宿区住吉町１１番２号シャイネス曙橋１０３,03-6233-9770
シャイネス曙橋２０１,東京都新宿区住吉町１１番２号シャイネス曙橋２０１,03-6233-9770
シャイネス曙橋２０２,東京都新宿区住吉町１１番２号シャイネス曙橋２０２,03-6233-9770
シャイネス曙橋２０３,東京都新宿区住吉町１１番２号シャイネス曙橋２０３,03-6233-9770
シャイネス曙橋３０１,東京都新宿区住吉町１１番２号シャイネス曙橋３０１,03-6233-9770
シャイネス曙橋３０２,東京都新宿区住吉町１１番２号シャイネス曙橋３０２,03-6233-9770
シャイネス曙橋３０３,東京都新宿区住吉町１１番２号シャイネス曙橋３０３,03-6233-9770
M130008278,東京都新宿区住吉町１５番１２号,03-5549-2442
M130004084,東京都新宿区住吉町１５番９号,090-2624-6018
エスペランサ落合１０１,東京都新宿区上落合三丁目１３番１０号エスペランサ落合１０１,090-3090-6752
エスペランサ落合３０１,東京都新宿区上落合三丁目１３番１０号エスペランサ落合３０１,090-3090-6752
エスペランサ落合２０１,東京都新宿区上落合三丁目１３番１０号エスペランサ落合２０１,090-3090-6752
M130011015,東京都新宿区上落合三丁目１４番２号,03-5368-2825
M130011244,東京都新宿区上落合三丁目２１番６号,03-5797-7900
ホワイトコーポＡ,東京都新宿区上落合三丁目８番１３号ホワイトコーポＡ,03-5797-7900
ホワイトコーポＢ,東京都新宿区上落合三丁目８番１３号ホワイトコーポＢ,03-5797-7900
ＪＴハイム新宿落合Ｂ１,東京都新宿区上落合二丁目２５番１号ＪＴハイム新宿落合Ｂ１,03-3407-0540
坂田ビル信濃町ハイツ１０２,東京都新宿区信濃町８番地１１坂田ビル信濃町ハイツ１０２,03-3353-3001
新宿Ｂｅｌｌｂｅ２０１,東京都新宿区新宿一丁目１５番５号新宿Ｂｅｌｌｂｅ２０１,050-1745-9707
新宿Ｂｅｌｌｂｅ２０２,東京都新宿区新宿一丁目１５番５号新宿Ｂｅｌｌｂｅ２０２,050-1745-9707
新宿Ｂｅｌｌｂｅ３０１,東京都新宿区新宿一丁目１５番５号新宿Ｂｅｌｌｂｅ３０１,050-1745-9707
新宿Ｂｅｌｌｂｅ３０２,東京都新宿区新宿一丁目１５番５号新宿Ｂｅｌｌｂｅ３０２,050-1745-9707
新宿Ｂｅｌｌｂｅ４０１,東京都新宿区新宿一丁目１５番５号新宿Ｂｅｌｌｂｅ４０１,050-1745-9707
新宿Ｂｅｌｌｂｅ４０２,東京都新宿区新宿一丁目１５番５号新宿Ｂｅｌｌｂｅ４０２,050-1745-9707
新宿Ｂｅｌｌｂｅ５０１,東京都新宿区新宿一丁目１５番５号新宿Ｂｅｌｌｂｅ５０１,050-1745-9707
新宿Ｂｅｌｌｂｅ５０２,東京都新宿区新宿一丁目１５番５号新宿Ｂｅｌｌｂｅ５０２,050-1745-9707
新宿Ｂｅｌｌｂｅ６０１,東京都新宿区新宿一丁目１５番５号新宿Ｂｅｌｌｂｅ６０１,050-1745-9707
新宿Ｂｅｌｌｂｅ６０２,東京都新宿区新宿一丁目１５番５号新宿Ｂｅｌｌｂｅ６０２,050-1745-9707
新宿Ｂｅｌｌｂｅ７０１,東京都新宿区新宿一丁目１５番５号新宿Ｂｅｌｌｂｅ７０１,050-1745-9707
新宿Ｂｅｌｌｂｅ７０２,東京都新宿区新宿一丁目１５番５号新宿Ｂｅｌｌｂｅ７０２,050-1745-9707
新宿Ｂｅｌｌｂｅ８０１,東京都新宿区新宿一丁目１５番５号新宿Ｂｅｌｌｂｅ８０１,050-1745-9707
新宿Ｂｅｌｌｂｅ８０２,東京都新宿区新宿一丁目１５番５号新宿Ｂｅｌｌｂｅ８０２,050-1745-9707
末松ビル３０１,東京都新宿区新宿一丁目１７番３号末松ビル３０１,03-6721-0933
末松ビル４０１,東京都新宿区新宿一丁目１７番３号末松ビル４０１,03-6721-0933
末松ビル４０２,東京都新宿区新宿一丁目１７番３号末松ビル４０２,03-6721-0933
末松ビル４０３,東京都新宿区新宿一丁目１７番３号末松ビル４０３,03-6721-0933
新宿リュクス１Ｆ,東京都新宿区新宿五丁目１０番６号新宿リュクス１Ｆ,03-6457-8029
新宿リュクス２Ｆ,東京都新宿区新宿五丁目１０番６号新宿リュクス２Ｆ,03-6457-8029
新宿リュクス３Ｆ,東京都新宿区新宿五丁目１０番６号新宿リュクス３Ｆ,03-6457-8029
新宿リュクス４Ｆ,東京都新宿区新宿五丁目１０番６号新宿リュクス４Ｆ,03-6457-8029
富士新宿ビル７０１,東京都新宿区新宿五丁目１１番１３号富士新宿ビル７０１,03-3341-1809
黒川ハイツ１０３,東京都新宿区新宿五丁目１１番２号黒川ハイツ１０３,03-6228-0883
黒川ハイツ２０３,東京都新宿区新宿五丁目１１番２号黒川ハイツ２０３,03-6228-0883
黒川ハイツ２０５,東京都新宿区新宿五丁目１１番２号黒川ハイツ２０５,03-6228-0883
黒川ハイツ３０１,東京都新宿区新宿五丁目１１番２号黒川ハイツ３０１,03-6228-0883
黒川ハイツ３０２,東京都新宿区新宿五丁目１１番２号黒川ハイツ３０２,03-6228-0883
黒川ハイツ４０１,東京都新宿区新宿五丁目１１番２号黒川ハイツ４０１,03-6228-0883
ファクトドリームハウス２０１,東京都新宿区新宿五丁目１１番２号ファクトドリームハウス２０１,03-4405-4428
ファクトドリームハウス２０２,東京都新宿区新宿五丁目１１番２号ファクトドリームハウス２０２,03-4405-4428
ファクトドリームハウス２０３,東京都新宿区新宿五丁目１１番２号ファクトドリームハウス２０３,03-4405-4428
ファクトドリームハウス２０４,東京都新宿区新宿五丁目１１番２号ファクトドリームハウス２０４,03-4405-4428
谷川ビル３０２,東京都新宿区新宿五丁目１８番１１号谷川ビル３０２,03-6228-0883
谷川ビル６Ｆ,東京都新宿区新宿五丁目１８番１１号谷川ビル６Ｆ,03-6228-0883
新宿ロードビル３０１,東京都新宿区新宿五丁目２番１０号新宿ロードビル３０１,03-5961-0735
新宿ロードビル３０３,東京都新宿区新宿五丁目２番１０号新宿ロードビル３０３,03-5961-0735
メゾンド道２０２,東京都新宿区新宿五丁目４番２３号メゾンド道２０２,03-6457-8275
メゾンド道３０１,東京都新宿区新宿五丁目４番２３号メゾンド道３０１,03-6457-8275
メゾンド道３０５,東京都新宿区新宿五丁目４番２３号メゾンド道３０５,03-6457-8275
メゾンド道２０３,東京都新宿区新宿五丁目４番２３号メゾンド道２０３,03-6457-8275
メゾンド道３０２,東京都新宿区新宿五丁目４番２３号メゾンド道３０２,03-6457-8275
メゾンド道２０１,東京都新宿区新宿五丁目４番２３号メゾンド道２０１,03-6457-8275
メゾンド道２０５,東京都新宿区新宿五丁目４番２３号メゾンド道２０５,03-6457-8275
メゾンド道１Ｆ,東京都新宿区新宿五丁目４番２３号メゾンド道１Ｆ,090-5797-0659
新宿５アドレス２０１,東京都新宿区新宿五丁目８番１０号新宿５アドレス２０１,03-4560-2349
新宿５アドレス２０４,東京都新宿区新宿五丁目８番１０号新宿５アドレス２０４,03-4405-4428
新宿５アドレス３０３,東京都新宿区新宿五丁目８番１０号新宿５アドレス３０３,03-4405-4428
新宿５アドレス２０３,東京都新宿区新宿五丁目８番１０号新宿５アドレス２０３,03-5797-7285
新宿５アドレス２０２,東京都新宿区新宿五丁目８番１０号新宿５アドレス２０２,080-4609-1104
新宿５アドレス３０２,東京都新宿区新宿五丁目８番１０号新宿５アドレス３０２,080-4316-0102
新宿５アドレス３０４,東京都新宿区新宿五丁目８番１０号新宿５アドレス３０４,080-4316-0102
新宿５アドレス６０１,東京都新宿区新宿五丁目８番１０号新宿５アドレス６０１,080-4316-0102
新宿５アドレス５０３,東京都新宿区新宿五丁目８番１０号新宿５アドレス５０３,045-334-8498
中銀マーブルマンション３０１,東京都新宿区新宿五丁目８番２２号中銀マーブルマンション３０１,03-5341-4555
松井ビル４６,東京都新宿区新宿三丁目３２番１０号松井ビル４６,03-3351-8974
松井ビル４７,東京都新宿区新宿三丁目３２番１０号松井ビル４７,03-3351-8974
Ｆコート新宿３０２,東京都新宿区新宿四丁目４番１１号Ｆコート新宿３０２,03-3350-5784
アルバ新宿２０１,東京都新宿区新宿四丁目４番１１号アルバ新宿２０１,090-1738-6520
アルバ新宿２０２,東京都新宿区新宿四丁目４番１１号アルバ新宿２０２,090-1738-6520
ロイヤルパレス新宿御苑３０２号室,東京都新宿区新宿四丁目４番８号ロイヤルパレス新宿御苑３０２号室,080-8045-5688
ロイヤルパレス新宿御苑３０４号室,東京都新宿区新宿四丁目４番８号ロイヤルパレス新宿御苑３０４号室,080-8045-5688
扇園第三ビル３Ｆ,東京都新宿区新宿七丁目１２番３号扇園第三ビル３Ｆ,03-6721-0933
扇園第三ビルＢ１,東京都新宿区新宿七丁目１２番３号扇園第三ビルＢ１,03-6721-0933
扇園第三ビル２Ｆ,東京都新宿区新宿七丁目１２番３号扇園第三ビル２Ｆ,03-6721-0933
扇園第三ビル４Ｆ,東京都新宿区新宿七丁目１２番３号扇園第三ビル４Ｆ,03-6721-0933
扇園第三ビル６Ｆ,東京都新宿区新宿七丁目１２番３号扇園第三ビル６Ｆ,03-6721-0933
パークサイド東新宿５０１,東京都新宿区新宿七丁目２０番１２号パークサイド東新宿５０１,080-6562-9789
ＶＩＰ新宿１０１号室,東京都新宿区新宿七丁目２１番４号ＶＩＰ新宿１０１号室,03-6278-9981
セベラフィーレンⅣ２０２号,東京都新宿区新宿七丁目２４番７号セベラフィーレンⅣ２０２号,03-4405-2198
セベラフィーレン３０２,東京都新宿区新宿七丁目２４番７号セベラフィーレン３０２,03-6273-9301
セベラフィーレン３０３,東京都新宿区新宿七丁目２４番７号セベラフィーレン３０３,03-6273-9301
セベラフィーレン３０５,東京都新宿区新宿七丁目２４番７号セベラフィーレン３０５,03-6273-9301
M130010618,東京都新宿区新宿七丁目２６番２７号,090-8811-7447
ＰＡＴＩＯ　ＥＡＳＴ新宿８,東京都新宿区新宿七丁目２７番１５号ＰＡＴＩＯ　ＥＡＳＴ新宿８,03-3361-8567
ＰＡＴＩＯ　ＥＡＳＴ新宿９,東京都新宿区新宿七丁目２７番１５号ＰＡＴＩＯ　ＥＡＳＴ新宿９,03-3361-8567
ライオンズマンション新宿第２　４０１,東京都新宿区新宿七丁目２７番４号ライオンズマンション新宿第２　４０１,050-5327-6845
ライオンズマンション新宿第２　２０６,東京都新宿区新宿七丁目２７番４号ライオンズマンション新宿第２　２０６,050-5327-6845
ライオンズマンション新宿第２　１００１,東京都新宿区新宿七丁目２７番４号ライオンズマンション新宿第２　１００１,080-3410-9350
カーサ・ヴェルデ８０２,東京都新宿区新宿二丁目１１番２号カーサ・ヴェルデ８０２,03-5549-2442
小倉ビル５０２,東京都新宿区新宿二丁目１５番２５号小倉ビル５０２,080-2598-2323
アクトレジデンス新宿第二１０１,東京都新宿区新宿六丁目１０番５号アクトレジデンス新宿第二１０１,03-5653-0480
１Ｆ,東京都新宿区新宿六丁目１１番５号１Ｆ,03-5653-0480
メゾン新宿１０１,東京都新宿区新宿六丁目１１番９号メゾン新宿１０１,03-5653-0480
栗山マンション１０１,東京都新宿区新宿六丁目１１番９号栗山マンション１０１,03-5653-0480
M130007060,東京都新宿区新宿六丁目１２番９号,03-5653-0480
パークプレイス新宿２０５,東京都新宿区新宿六丁目１３番３号パークプレイス新宿２０５,03-6457-8275
パークプレイス新宿２０６,東京都新宿区新宿六丁目１３番３号パークプレイス新宿２０６,03-6457-8275
パークプレイス新宿２０７,東京都新宿区新宿六丁目１３番３号パークプレイス新宿２０７,03-6457-8275
アクトレジデンス新宿２０１,東京都新宿区新宿六丁目１３番３号アクトレジデンス新宿２０１,03-5653-0480
パークプレイス新宿２０２,東京都新宿区新宿六丁目１３番３号パークプレイス新宿２０２,03-6914-1180
M130005015,東京都新宿区新宿六丁目１３番６号,03-5653-0480
M130010155,東京都新宿区新宿六丁目１７番１号,050-3579-7392
M130005991,東京都新宿区新宿六丁目１９番１３号,03-5549-2442
ＮＯＺＹ　ＳＨＩＮＪＵＫＵ２０１,東京都新宿区新宿六丁目２６番１号ＮＯＺＹ　ＳＨＩＮＪＵＫＵ２０１,03-6205-6499
ＮＯＺＹ　ＳＨＩＮＪＵＫＵ２０２,東京都新宿区新宿六丁目２６番１号ＮＯＺＹ　ＳＨＩＮＪＵＫＵ２０２,03-6205-6499
ＮＯＺＹ　ＳＨＩＮＪＵＫＵ３０２,東京都新宿区新宿六丁目２６番１号ＮＯＺＹ　ＳＨＩＮＪＵＫＵ３０２,03-6205-6499
ＮＯＺＹ　ＳＨＩＮＪＵＫＵ４０１,東京都新宿区新宿六丁目２６番１号ＮＯＺＹ　ＳＨＩＮＪＵＫＵ４０１,03-6205-6499
ＮＯＺＹ　ＳＨＩＮＪＵＫＵ４０２,東京都新宿区新宿六丁目２６番１号ＮＯＺＹ　ＳＨＩＮＪＵＫＵ４０２,03-6205-6499
ホーヨー東京レジデンス東新宿１０２,東京都新宿区新宿六丁目２６番３号ホーヨー東京レジデンス東新宿１０２,03-3362-0658
エヴァーグリーン新宿３０２,東京都新宿区新宿六丁目４番１５号エヴァーグリーン新宿３０２,03-4405-9420
エヴァーグリーン新宿２０１,東京都新宿区新宿六丁目４番１５号エヴァーグリーン新宿２０１,03-6457-8029
エヴァーグリーン新宿２０２,東京都新宿区新宿六丁目４番１５号エヴァーグリーン新宿２０２,03-6457-8029
エヴァーグリーン新宿３０３,東京都新宿区新宿六丁目４番１５号エヴァーグリーン新宿３０３,03-6457-8029
エヴァーグリーン新宿４０１,東京都新宿区新宿六丁目４番１５号エヴァーグリーン新宿４０１,03-6457-8029
エヴァーグリーン新宿４０２,東京都新宿区新宿六丁目４番１５号エヴァーグリーン新宿４０２,03-6457-8029
新宿スプリーム２０１,東京都新宿区新宿六丁目４番１９号新宿スプリーム２０１,03-6457-8029
新宿スプリーム２０２,東京都新宿区新宿六丁目４番１９号新宿スプリーム２０２,03-6457-8029
新宿スプリーム３０１,東京都新宿区新宿六丁目４番１９号新宿スプリーム３０１,03-6457-8029
M130005829,東京都新宿区新宿六丁目５番９号,080-5468-0509
M130002814,東京都新宿区新宿六丁目６番５号,03-3356-3715
神部ビル３階,東京都新宿区新宿六丁目６番８号神部ビル３階,03-6689-2000
M130006148,東京都新宿区新宿六丁目７番１３号,03-6677-7081
M130005994,東京都新宿区新宿六丁目８番７号,03-5653-0480
アンバー飯田橋１０１,東京都新宿区新小川町５番１３号アンバー飯田橋１０１,03-5366-5959
アンバー飯田橋１０２,東京都新宿区新小川町５番１３号アンバー飯田橋１０２,03-5366-5959
アンバー飯田橋２０１,東京都新宿区新小川町５番１３号アンバー飯田橋２０１,03-5366-5959
アンバー飯田橋２０２,東京都新宿区新小川町５番１３号アンバー飯田橋２０２,03-5366-5959
アンバー飯田橋３０１,東京都新宿区新小川町５番１３号アンバー飯田橋３０１,03-5366-5959
アンバー飯田橋４０１,東京都新宿区新小川町５番１３号アンバー飯田橋４０１,03-5366-5959
アンバー飯田橋４０３,東京都新宿区新小川町５番１３号アンバー飯田橋４０３,03-5366-5959
ＫＵＲＡ神楽坂１０１,東京都新宿区新小川町８番１３号ＫＵＲＡ神楽坂１０１,03-6273-9301
ＫＵＲＡ神楽坂１０２,東京都新宿区新小川町８番１３号ＫＵＲＡ神楽坂１０２,03-6273-9301
ＫＵＲＡ神楽坂２０１,東京都新宿区新小川町８番１３号ＫＵＲＡ神楽坂２０１,03-6273-9301
ＫＵＲＡ神楽坂２０２,東京都新宿区新小川町８番１３号ＫＵＲＡ神楽坂２０２,03-6273-9301
ＫＵＲＡ神楽坂３０１,東京都新宿区新小川町８番１３号ＫＵＲＡ神楽坂３０１,03-6273-9301
ＫＵＲＡ神楽坂３０２,東京都新宿区新小川町８番１３号ＫＵＲＡ神楽坂３０２,03-6273-9301
ＫＵＲＡ神楽坂４０１,東京都新宿区新小川町８番１３号ＫＵＲＡ神楽坂４０１,03-6273-9301
ＫＵＲＡ神楽坂４０２,東京都新宿区新小川町８番１３号ＫＵＲＡ神楽坂４０２,03-6273-9301
ＫＵＲＡ神楽坂５０１,東京都新宿区新小川町８番１３号ＫＵＲＡ神楽坂５０１,03-6273-9301
ＡＣＴＯ３階,東京都新宿区神楽坂三丁目２番地１ＡＣＴＯ３階,03-6265-0837
M130002351,東京都新宿区西新宿五丁目１９番１１号,03-6233-9770
ＰＡＰＡ１０１・２０１,東京都新宿区西新宿五丁目２３番５号ＰＡＰＡ１０１・２０１,03-5989-1727
パークサイド西新宿３０１,東京都新宿区西新宿三丁目１４番１８号パークサイド西新宿３０１,090-7975-0098
シェモワロワイヤル１０３,東京都新宿区西新宿四丁目１１番６号シェモワロワイヤル１０３,03-6233-9770
シェモワロワイヤル１０４,東京都新宿区西新宿四丁目１１番６号シェモワロワイヤル１０４,03-6233-9770
シェモワロワイヤル１０７,東京都新宿区西新宿四丁目１１番６号シェモワロワイヤル１０７,03-6233-9770
シェモワロワイヤル１０５,東京都新宿区西新宿四丁目１１番６号シェモワロワイヤル１０５,03-6233-9770
薫ビル３０１,東京都新宿区西新宿四丁目１２番１６号薫ビル３０１,03-6873-8657
薫ビル２０３,東京都新宿区西新宿四丁目１２番１６号薫ビル２０３,050-3579-7392
薫ビル２０２,東京都新宿区西新宿四丁目１２番１６号薫ビル２０２,03-6873-8657
薫ビル２Ａ,東京都新宿区西新宿四丁目１２番１６号薫ビル２Ａ,03-6873-8657
薫ビル２０１,東京都新宿区西新宿四丁目１２番１６号薫ビル２０１,03-5549-2442
コレナレＡ棟,東京都新宿区西新宿四丁目１３番３号コレナレＡ棟,03-6794-0134
コレナレＢ棟,東京都新宿区西新宿四丁目１３番３号コレナレＢ棟,03-6794-0134
マンション西新宿２０２,東京都新宿区西新宿四丁目１６番３号マンション西新宿２０２,03-6240-9283
マンション西新宿２０３,東京都新宿区西新宿四丁目１６番３号マンション西新宿２０３,03-6240-9283
マンション西新宿２０９,東京都新宿区西新宿四丁目１６番３号マンション西新宿２０９,03-6240-9283
デューク西新宿３０３,東京都新宿区西新宿四丁目１８番１号デューク西新宿３０３,080-1899-4910
デューク西新宿３０４号,東京都新宿区西新宿四丁目１８番１号デューク西新宿３０４号,090-9100-3866
デューク西新宿４０２,東京都新宿区西新宿四丁目１８番１号デューク西新宿４０２,03-6240-9283
Ａ棟,東京都新宿区西新宿四丁目２２番１３号Ａ棟,03-5926-5991
Ｂ棟,東京都新宿区西新宿四丁目２２番１３号Ｂ棟,03-5926-5991
M130010209,東京都新宿区西新宿四丁目２３番１０号,080-4659-0502
エクセル１　３１０号室,東京都新宿区西新宿四丁目２９番１０号エクセル１　３１０号室,090-2740-8030
エクセル１　５０２号室,東京都新宿区西新宿四丁目２９番１０号エクセル１　５０２号室,03-6873-8657
エクセル１　５０３号室,東京都新宿区西新宿四丁目２９番１０号エクセル１　５０３号室,03-6873-8657
エクセル１　５０４号室,東京都新宿区西新宿四丁目２９番１０号エクセル１　５０４号室,03-6873-8657
メゾンドブランシェ２０１,東京都新宿区西新宿四丁目７番１７号メゾンドブランシェ２０１,03-3577-9866
M130008651,東京都新宿区西新宿四丁目８番２６号,090-2987-9801
M130003828,東京都新宿区西新宿四丁目８番８号,090-9446-5506
アイアイビル２Ｆ,東京都新宿区西新宿七丁目６番８号アイアイビル２Ｆ,03-6383-4251
ＨＯＳＯＹＡ　ＭＡＮＯＲ　ＴＷＯ７０１,東京都新宿区西新宿八丁目１８番１２号ＨＯＳＯＹＡ　ＭＡＮＯＲ　ＴＷＯ７０１,03-6874-9175
ＨＯＳＯＹＡ　ＭＡＮＯＲ　ＴＷＯ２０２,東京都新宿区西新宿八丁目１８番１２号ＨＯＳＯＹＡ　ＭＡＮＯＲ　ＴＷＯ２０２,03-6874-9175
ＨＯＳＯＹＡ　ＭＡＮＯＲ　ＯＮＥ７０１,東京都新宿区西新宿八丁目１９番１１号ＨＯＳＯＹＡ　ＭＡＮＯＲ　ＯＮＥ７０１,03-6874-9175
ＨＯＳＯＹＡ　ＭＡＮＯＲ　ＯＮＥ２０４,東京都新宿区西新宿八丁目１９番１１号ＨＯＳＯＹＡ　ＭＡＮＯＲ　ＯＮＥ２０４,03-6874-9175
ＨＯＳＯＹＡ　ＭＡＮＯＲ　ＯＮＥ６０１,東京都新宿区西新宿八丁目１９番１１号ＨＯＳＯＹＡ　ＭＡＮＯＲ　ＯＮＥ６０１,03-6874-9175
ＰＡＴＩＯ西新宿１０１,東京都新宿区西新宿八丁目２番１６号ＰＡＴＩＯ西新宿１０１,03-3361-8567
ＰＡＴＩＯ西新宿２０２,東京都新宿区西新宿八丁目２番１６号ＰＡＴＩＯ西新宿２０２,03-3361-8567
ＰＡＴＩＯ西新宿２０３,東京都新宿区西新宿八丁目２番１６号ＰＡＴＩＯ西新宿２０３,03-3361-8567
ＰＡＴＩＯ西新宿２０４,東京都新宿区西新宿八丁目２番１６号ＰＡＴＩＯ西新宿２０４,03-3361-8567
ＰＡＴＩＯ西新宿３０１,東京都新宿区西新宿八丁目２番１６号ＰＡＴＩＯ西新宿３０１,03-3361-8567
ＰＡＴＩＯ西新宿３０３,東京都新宿区西新宿八丁目２番１６号ＰＡＴＩＯ西新宿３０３,03-3361-8567
ＰＡＴＩＯ西新宿４０１,東京都新宿区西新宿八丁目２番１６号ＰＡＴＩＯ西新宿４０１,03-3361-8567
ＰＡＴＩＯ西新宿４０２,東京都新宿区西新宿八丁目２番１６号ＰＡＴＩＯ西新宿４０２,03-3361-8567
ＰＡＴＩＯ西新宿４０３,東京都新宿区西新宿八丁目２番１６号ＰＡＴＩＯ西新宿４０３,03-3361-8567
ＰＡＴＩＯ西新宿４０４,東京都新宿区西新宿八丁目２番１６号ＰＡＴＩＯ西新宿４０４,03-3361-8567
ＰＡＴＩＯ西新宿５０３,東京都新宿区西新宿八丁目２番１６号ＰＡＴＩＯ西新宿５０３,03-3361-8567
コーポ高橋シルバーハイツ２０１,東京都新宿区西新宿八丁目５番１７号コーポ高橋シルバーハイツ２０１,03-4405-2198
コーポ高橋シルバーハイツ３０３,東京都新宿区西新宿八丁目５番１７号コーポ高橋シルバーハイツ３０３,03-4405-2198
コーポ高橋シルバーハイツ３０６,東京都新宿区西新宿八丁目５番１７号コーポ高橋シルバーハイツ３０６,03-4405-2198
コーポ高橋シルバーハイツ３０２,東京都新宿区西新宿八丁目５番１７号コーポ高橋シルバーハイツ３０２,03-4405-2198
野嶋ビル２０１,東京都新宿区西新宿八丁目６番２号野嶋ビル２０１,03-4405-2198
ＫＦ西早稲田１階,東京都新宿区西早稲田三丁目１３番１４号ＫＦ西早稲田１階,03-6233-9770
ＫＳ西早稲田２階,東京都新宿区西早稲田三丁目１３番１４号ＫＳ西早稲田２階,03-6233-9770
M130001943,東京都新宿区西早稲田三丁目１９番３号,090-2600-3288
フォンテーヌ早稲田２０１,東京都新宿区西早稲田三丁目２０番１号フォンテーヌ早稲田２０１,03-3209-5011
カースルいずみ１０２,東京都新宿区西早稲田三丁目２０番２４号カースルいずみ１０２,03-3209-5011
カースルいずみ２０１,東京都新宿区西早稲田三丁目２０番２４号カースルいずみ２０１,03-3209-5011
カースルいずみ２０５,東京都新宿区西早稲田三丁目２０番２４号カースルいずみ２０５,03-3209-5011
M130000416,東京都新宿区西早稲田三丁目３０番２９号,090-9871-0584
ケイビル２０１,東京都新宿区西早稲田二丁目３番２１号ケイビル２０１,080-5678-2468
M130000630,東京都新宿区西落合一丁目２１番２１号,090-6178-1075
メゾン・ド・ブラン２０２,東京都新宿区西落合一丁目７番６号メゾン・ド・ブラン２０２,050-5435-0886
ユアイハウス,東京都新宿区西落合三丁目２６番５号ユアイハウス,070-4178-5006
M130004279,東京都新宿区西落合二丁目２１番７号,03-5846-8582
M130001017,東京都新宿区西落合二丁目４番６号,090-6182-1862
M130006152,東京都新宿区早稲田南町１３番地２３,090-6046-9708
M130006671,東京都新宿区大久保一丁目１０番２１号,03-5860-9670
ホワイトハウス１０１,東京都新宿区大久保一丁目１１番１０号ホワイトハウス１０１,03-6441-2499
ホワイトハウス１０２,東京都新宿区大久保一丁目１１番１０号ホワイトハウス１０２,03-6441-2499
ホワイトハウス２０１,東京都新宿区大久保一丁目１１番１０号ホワイトハウス２０１,03-6441-2499
ホワイトハウス２０２,東京都新宿区大久保一丁目１１番１０号ホワイトハウス２０２,03-6441-2499
M130006247,東京都新宿区大久保一丁目１１番１０号,03-5787-8138
大森ビル８階、９階、１０階,東京都新宿区大久保一丁目１１番１号大森ビル８階、９階、１０階,080-3170-0399
M130004028,東京都新宿区大久保一丁目１２番１８号,03-6228-0883
２Ｆ,東京都新宿区大久保一丁目１２番１８号２Ｆ,03-5787-8138
メゾン一刻１０２,東京都新宿区大久保一丁目１２番２０号メゾン一刻１０２,03-5787-8138
メゾン一刻１０５,東京都新宿区大久保一丁目１２番２０号メゾン一刻１０５,03-5787-8138
メゾン一刻２０１,東京都新宿区大久保一丁目１２番２０号メゾン一刻２０１,03-5787-8138
メゾン一刻２０５,東京都新宿区大久保一丁目１２番２０号メゾン一刻２０５,03-5787-8138
メゾン一刻１０１,東京都新宿区大久保一丁目１２番２０号メゾン一刻１０１,03-5787-8138
ビラウエス４０１,東京都新宿区大久保一丁目１３番１２号ビラウエス４０１,070-4544-7480
ビラウエス４０２,東京都新宿区大久保一丁目１３番１２号ビラウエス４０２,03-6661-7734
M130004927,東京都新宿区大久保一丁目１３番１４号,080-5088-6688
M130003003,東京都新宿区大久保一丁目１３番１８号,03-3388-5764
M130008114,東京都新宿区大久保一丁目１３番１号,03-6455-2882
M130007929,東京都新宿区大久保一丁目１４番２３号,03-3388-5764
コージリア１０１,東京都新宿区大久保一丁目１４番９号コージリア１０１,0466-20-5194
コージリア１０２,東京都新宿区大久保一丁目１４番９号コージリア１０２,0466-20-5194
コージリア１０３,東京都新宿区大久保一丁目１４番９号コージリア１０３,0466-20-5194
コージリア２０１,東京都新宿区大久保一丁目１４番９号コージリア２０１,0466-20-5194
コージリア２０２,東京都新宿区大久保一丁目１４番９号コージリア２０２,0466-20-5194
コージリア２０３,東京都新宿区大久保一丁目１４番９号コージリア２０３,0466-20-5194
アーバンステージ大久保１０４,東京都新宿区大久保一丁目１５番１０号アーバンステージ大久保１０４,090-1853-1545
コントワール新宿５０３,東京都新宿区大久保一丁目１番１１号コントワール新宿５０３,03-6273-8263
コントワール新宿５０７,東京都新宿区大久保一丁目１番１１号コントワール新宿５０７,03-6273-8263
コントワール新宿９０５,東京都新宿区大久保一丁目１番１１号コントワール新宿９０５,03-5787-8138
コントワール新宿４０２,東京都新宿区大久保一丁目１番１１号コントワール新宿４０２,03-6905-8601
コントワール新宿４０３,東京都新宿区大久保一丁目１番１１号コントワール新宿４０３,03-6905-8601
コントワール新宿４０８,東京都新宿区大久保一丁目１番１１号コントワール新宿４０８,03-6905-8601
コントワール新宿４１０,東京都新宿区大久保一丁目１番１１号コントワール新宿４１０,03-6905-8601
コントワール新宿７０５,東京都新宿区大久保一丁目１番１１号コントワール新宿７０５,03-6905-8601
コントワール新宿５１２,東京都新宿区大久保一丁目１番１１号コントワール新宿５１２,090-8877-6361
コントワール新宿４０１,東京都新宿区大久保一丁目１番１１号コントワール新宿４０１,03-6905-8601
コントワール新宿４０４,東京都新宿区大久保一丁目１番１１号コントワール新宿４０４,03-6905-8601
市川マンション２０１,東京都新宿区大久保一丁目１番１７号市川マンション２０１,03-5843-7825
市川マンション２０２,東京都新宿区大久保一丁目１番１７号市川マンション２０２,03-5843-7825
市川マンション１０３,東京都新宿区大久保一丁目１番１７号市川マンション１０３,03-6273-9301
市川マンション２０３,東京都新宿区大久保一丁目１番１７号市川マンション２０３,03-6273-9301
市川マンション１０１,東京都新宿区大久保一丁目１番１７号市川マンション１０１,090-2756-0205
メゾンノトル東新宿１０１,東京都新宿区大久保一丁目１番３５号メゾンノトル東新宿１０１,03-4405-2198
メゾンノトル東新宿２０４,東京都新宿区大久保一丁目１番３５号メゾンノトル東新宿２０４,090-1853-1545
三松コーポ１０１,東京都新宿区大久保一丁目１番４２号三松コーポ１０１,070-2643-9752
三松コーポ２０１,東京都新宿区大久保一丁目１番４２号三松コーポ２０１,070-2643-9752
三松コーポ２０２,東京都新宿区大久保一丁目１番４２号三松コーポ２０２,070-2643-9752
ＡＸＡＳ東新宿アジールコート９０１,東京都新宿区大久保一丁目２番１９号ＡＸＡＳ東新宿アジールコート９０１,044-577-2964
ＰＡＴＩＯ東新宿２０１,東京都新宿区大久保一丁目３番１１号ＰＡＴＩＯ東新宿２０１,03-3361-8567
ＰＡＴＩＯ東新宿２０２,東京都新宿区大久保一丁目３番１１号ＰＡＴＩＯ東新宿２０２,03-3361-8567
ＰＡＴＩＯ東新宿２０３,東京都新宿区大久保一丁目３番１１号ＰＡＴＩＯ東新宿２０３,03-3361-8567
ＰＡＴＩＯ東新宿３０２,東京都新宿区大久保一丁目３番１１号ＰＡＴＩＯ東新宿３０２,03-3361-8567
ＰＡＴＩＯ東新宿３０３,東京都新宿区大久保一丁目３番１１号ＰＡＴＩＯ東新宿３０３,03-3361-8567
ＰＡＴＩＯ東新宿４０１,東京都新宿区大久保一丁目３番１１号ＰＡＴＩＯ東新宿４０１,03-3361-8567
ＰＡＴＩＯ東新宿４０２,東京都新宿区大久保一丁目３番１１号ＰＡＴＩＯ東新宿４０２,03-3361-8567
ＰＡＴＩＯ東新宿４０３,東京都新宿区大久保一丁目３番１１号ＰＡＴＩＯ東新宿４０３,03-3361-8567
ＰＡＴＩＯ東新宿５０１,東京都新宿区大久保一丁目３番１１号ＰＡＴＩＯ東新宿５０１,03-3361-8567
ＰＡＴＩＯ東新宿５０２,東京都新宿区大久保一丁目３番１１号ＰＡＴＩＯ東新宿５０２,03-3361-8567
ＰＡＴＩＯ東新宿６０１,東京都新宿区大久保一丁目３番１１号ＰＡＴＩＯ東新宿６０１,03-3361-8567
ＰＡＴＩＯ東新宿６０２,東京都新宿区大久保一丁目３番１１号ＰＡＴＩＯ東新宿６０２,03-3361-8567
ＰＡＴＩＯ東新宿６０３,東京都新宿区大久保一丁目３番１１号ＰＡＴＩＯ東新宿６０３,03-3361-8567
ＰＡＴＩＯ東新宿７０１,東京都新宿区大久保一丁目３番１１号ＰＡＴＩＯ東新宿７０１,03-3361-8567
ＰＡＴＩＯ東新宿７０２,東京都新宿区大久保一丁目３番１１号ＰＡＴＩＯ東新宿７０２,03-3361-8567
ＰＡＴＩＯ東新宿８０１,東京都新宿区大久保一丁目３番１１号ＰＡＴＩＯ東新宿８０１,03-3361-8567
ＰＡＴＩＯ東新宿８０２,東京都新宿区大久保一丁目３番１１号ＰＡＴＩＯ東新宿８０２,03-3361-8567
ＰＡＴＩＯ東新宿９０１,東京都新宿区大久保一丁目３番１１号ＰＡＴＩＯ東新宿９０１,03-3361-8567
ＰＡＴＩＯ東新宿９０２,東京都新宿区大久保一丁目３番１１号ＰＡＴＩＯ東新宿９０２,03-3361-8567
エクセレントⅭ棟,東京都新宿区大久保一丁目４番１１号エクセレントⅭ棟,080-1174-5745
Ｂ棟,東京都新宿区大久保一丁目４番１２号Ｂ棟,03-3346-1830
Ａ,東京都新宿区大久保一丁目４番１２号Ａ,03-6666-9760
ＳＬビル２０１,東京都新宿区大久保一丁目４番１５号ＳＬビル２０１,03-6273-8263
ＳＬビル３０２,東京都新宿区大久保一丁目４番１５号ＳＬビル３０２,03-6273-8263
ＳＬビル４０１,東京都新宿区大久保一丁目４番１５号ＳＬビル４０１,03-6273-8263
ＳＬビル４０２,東京都新宿区大久保一丁目４番１５号ＳＬビル４０２,03-6273-8263
ＳＬビル５０２,東京都新宿区大久保一丁目４番１５号ＳＬビル５０２,03-6273-8263
ＳＬビル６０２,東京都新宿区大久保一丁目４番１５号ＳＬビル６０２,03-6273-8263
ＳＬビル７０１,東京都新宿区大久保一丁目４番１５号ＳＬビル７０１,03-6273-8263
三島屋ビル３０２,東京都新宿区大久保一丁目４番２０号三島屋ビル３０２,03-6273-8263
三島屋ビル３０３,東京都新宿区大久保一丁目４番２０号三島屋ビル３０３,03-6273-8263
三島屋ビル４０１,東京都新宿区大久保一丁目４番２０号三島屋ビル４０１,03-6273-8263
三島屋ビル４０２,東京都新宿区大久保一丁目４番２０号三島屋ビル４０２,03-6273-8263
三島屋ビル４０３,東京都新宿区大久保一丁目４番２０号三島屋ビル４０３,03-6273-8263
三島屋ビル７０１,東京都新宿区大久保一丁目４番２０号三島屋ビル７０１,03-6273-8263
M130004860,東京都新宿区大久保一丁目４番５号,080-3551-1968
プラザドゥセーヌ２０２,東京都新宿区大久保一丁目５番７号プラザドゥセーヌ２０２,03-4405-9504
プラザドゥセーヌ３０２,東京都新宿区大久保一丁目５番７号プラザドゥセーヌ３０２,03-5860-9670
プラザドゥセーヌ２０１,東京都新宿区大久保一丁目５番７号プラザドゥセーヌ２０１,080-1314-0207
インペリアル新宿１０５,東京都新宿区大久保一丁目６番４号インペリアル新宿１０５,03-5155-2651
インペリアル新宿２０５,東京都新宿区大久保一丁目６番４号インペリアル新宿２０５,03-5155-2651
パーク１ビル３０２号,東京都新宿区大久保一丁目７番１９号パーク１ビル３０２号,03-6233-8120
パーク１ビル４０２号,東京都新宿区大久保一丁目７番１９号パーク１ビル４０２号,03-6233-8120
パーク１ビル５０１号,東京都新宿区大久保一丁目７番１９号パーク１ビル５０１号,03-6233-8120
パーク１ビル５０２号,東京都新宿区大久保一丁目７番１９号パーク１ビル５０２号,03-6233-8120
パーク１ビル７０１号,東京都新宿区大久保一丁目７番１９号パーク１ビル７０１号,03-6233-8120
ＳＡビル２０１,東京都新宿区大久保一丁目７番２０号ＳＡビル２０１,03-6278-9981
ＳＡビル３０１,東京都新宿区大久保一丁目７番２０号ＳＡビル３０１,03-6278-9981
ＳＡビル４０１,東京都新宿区大久保一丁目７番２０号ＳＡビル４０１,03-6278-9981
ＳＡビル５０１,東京都新宿区大久保一丁目７番２０号ＳＡビル５０１,03-6278-9981
日韓マンション２０２,東京都新宿区大久保一丁目７番２６号日韓マンション２０２,03-5155-2651
日韓マンション２１１,東京都新宿区大久保一丁目７番２６号日韓マンション２１１,080-4675-5511
日韓マンション２１０,東京都新宿区大久保一丁目７番２６号日韓マンション２１０,090-2300-2651
日韓マンション３０２,東京都新宿区大久保一丁目７番２６号日韓マンション３０２,090-6476-2934
日韓マンション３０１,東京都新宿区大久保一丁目７番２６号日韓マンション３０１,03-4405-4428
城マンション２０１,東京都新宿区大久保一丁目７番３０号城マンション２０１,03-6273-9301
城マンション２０２,東京都新宿区大久保一丁目７番３０号城マンション２０２,03-6273-9301
アドニス新宿２０１,東京都新宿区大久保一丁目８番１３号アドニス新宿２０１,03-6447-2677
アドニス新宿１０１,東京都新宿区大久保一丁目８番１３号アドニス新宿１０１,03-6233-9770
アドニス新宿１０５,東京都新宿区大久保一丁目８番１３号アドニス新宿１０５,080-3205-1380
アドニス新宿２０２,東京都新宿区大久保一丁目８番１３号アドニス新宿２０２,090-7860-7528
アドニス新宿２０３,東京都新宿区大久保一丁目８番１３号アドニス新宿２０３,090-7860-7528
102,東京都新宿区大久保一丁目９番２１号102,03-3346-1830
ＳＫＹマンション３１０,東京都新宿区大久保一丁目９番２６号ＳＫＹマンション３１０,03-5860-9670
スカイマンション２０３,東京都新宿区大久保一丁目９番２６号スカイマンション２０３,03-6273-9313
スカイマンション１０７,東京都新宿区大久保一丁目９番２６号スカイマンション１０７,03-6273-9313
スカイマンション１０１,東京都新宿区大久保一丁目９番２６号スカイマンション１０１,03-6273-9313
スカイマンション１０２,東京都新宿区大久保一丁目９番２６号スカイマンション１０２,03-6273-9313
スカイマンション１０３,東京都新宿区大久保一丁目９番２６号スカイマンション１０３,03-6273-9313
スカイマンション１０８,東京都新宿区大久保一丁目９番２６号スカイマンション１０８,03-6273-9313
スカイマンション１０９,東京都新宿区大久保一丁目９番２６号スカイマンション１０９,03-6273-9313
スカイマンション２０１,東京都新宿区大久保一丁目９番２６号スカイマンション２０１,03-6273-9313
スカイマンション２０２,東京都新宿区大久保一丁目９番２６号スカイマンション２０２,03-6273-9313
スカイマンション２０６,東京都新宿区大久保一丁目９番２６号スカイマンション２０６,03-6273-9313
スカイマンション３０２,東京都新宿区大久保一丁目９番２６号スカイマンション３０２,03-6273-9313
スカイマンション３０９,東京都新宿区大久保一丁目９番２６号スカイマンション３０９,03-6273-9313
M130006910,東京都新宿区大久保二丁目１０番１５号,080-1078-8614
M130003222,東京都新宿区大久保二丁目１０番１５号,090-4060-9888
１Ｆ,東京都新宿区大久保二丁目１３番１１号１Ｆ,090-2238-1979
福華ビル１１０,東京都新宿区大久保二丁目１３番５号福華ビル１１０,03-6273-8085
福華ビル２０８,東京都新宿区大久保二丁目１３番５号福華ビル２０８,03-6273-8085
福華ビル３０１,東京都新宿区大久保二丁目１３番５号福華ビル３０１,050-5327-6845
福華ビル１０７,東京都新宿区大久保二丁目１３番５号福華ビル１０７,03-5787-8138
M130003225,東京都新宿区大久保二丁目１４番１６号,080-2181-5902
吉野ビルⅢ２０２,東京都新宿区大久保二丁目１７番８号吉野ビルⅢ２０２,050-5327-6845
吉野ビルⅢ１０２,東京都新宿区大久保二丁目１７番８号吉野ビルⅢ１０２,03-6204-6499
Ｅ．Ｍ．Ｉ　ビル３Ｆ,東京都新宿区大久保二丁目１８番７号Ｅ．Ｍ．Ｉ　ビル３Ｆ,03-4405-9504
セントラル大久保８０１,東京都新宿区大久保二丁目１９番１号セントラル大久保８０１,080-4354-0630
セントラル大久保６０５,東京都新宿区大久保二丁目１９番１号セントラル大久保６０５,03-5787-8138
セントラル大久保６０１,東京都新宿区大久保二丁目１９番１号セントラル大久保６０１,03-6457-8029
カディーＳ２０２,東京都新宿区大久保二丁目１９番９号カディーＳ２０２,050-1468-0480
プラザ新大樹１００５,東京都新宿区大久保二丁目１番８号プラザ新大樹１００５,03-6273-8263
プラザ新大樹７０６,東京都新宿区大久保二丁目１番８号プラザ新大樹７０６,03-6874-9175
M130005987,東京都新宿区大久保二丁目２１番１６号,090-4029-5499
トキワハウス１０６,東京都新宿区大久保二丁目２５番２９号トキワハウス１０６,03-5787-8138
M130003904,東京都新宿区大久保二丁目２５番２号,080-4167-5116
M130003682,東京都新宿区大久保二丁目２５番３１号,090-7178-3779
Ｆ新宿２０１,東京都新宿区大久保二丁目２５番３５号Ｆ新宿２０１,0466-20-5194
ｆ－ｓｈｉｎｊｕｋｕ１０２,東京都新宿区大久保二丁目２５番３５号ｆ－ｓｈｉｎｊｕｋｕ１０２,0466-20-5194
Ｆ新宿２０２,東京都新宿区大久保二丁目２５番３５号Ｆ新宿２０２,03-6383-4251
M130004170,東京都新宿区大久保二丁目２７番１３号,03-6457-3147
M130005427,東京都新宿区大久保二丁目２７番１６号,080-4299-5988
ヴィラヨシダ３０２,東京都新宿区大久保二丁目２７番８号ヴィラヨシダ３０２,050-5327-6845
ヴィラヨシダ３０１,東京都新宿区大久保二丁目２７番８号ヴィラヨシダ３０１,050-5327-6845
博和マンション２０１,東京都新宿区大久保二丁目２８番４号博和マンション２０１,093-951-0099
博和マンション２０２,東京都新宿区大久保二丁目２８番４号博和マンション２０２,093-951-0099
大久保２丁目戸建Ｂ棟,東京都新宿区大久保二丁目２８番７号大久保２丁目戸建Ｂ棟,03-5797-7900
Ｅ,東京都新宿区大久保二丁目２８番８号Ｅ,080-3001-3988
Ｄ,東京都新宿区大久保二丁目２８番８号Ｄ,080-5683-9618
M130005416,東京都新宿区大久保二丁目３０番１号,080-4448-8168
１Ａ,東京都新宿区大久保二丁目３１番１４号１Ａ,050-5873-9735
１Ｂ,東京都新宿区大久保二丁目３１番１４号１Ｂ,050-5873-9735
M130004192,東京都新宿区大久保二丁目３１番８号,080-6562-9789
M130002905,東京都新宿区大久保二丁目３２番９号,080-3732-2988
M130000881,東京都新宿区大久保二丁目３３番３４号,080-4935-6699
ロッソ新大久保Ｃ棟２０３,東京都新宿区大久保二丁目３３番３号ロッソ新大久保Ｃ棟２０３,090-1270-9832
ロッソ新大久保Ｃ棟２０１,東京都新宿区大久保二丁目３３番３号ロッソ新大久保Ｃ棟２０１,050-5577-7888
ロッソ新大久保Ｃ棟１０１,東京都新宿区大久保二丁目３３番３号ロッソ新大久保Ｃ棟１０１,03-4405-4428
パル新宿５０１,東京都新宿区大久保二丁目５番２号パル新宿５０１,090-2339-7335
パル新宿４０２,東京都新宿区大久保二丁目５番２号パル新宿４０２,03-5787-8138
パラゼット東新宿１０１,東京都新宿区大久保二丁目８番１３号パラゼット東新宿１０１,070-1441-5999
パラゼット東新宿２０３,東京都新宿区大久保二丁目８番１３号パラゼット東新宿２０３,070-1441-5999
パラゼット東新宿１０４,東京都新宿区大久保二丁目８番１３号パラゼット東新宿１０４,090-6009-2381
青葉ビル１０１,東京都新宿区大久保二丁目８番８号青葉ビル１０１,03-6233-8341
青葉ビル１０２,東京都新宿区大久保二丁目８番８号青葉ビル１０２,03-6233-8341
青葉ビル１０３,東京都新宿区大久保二丁目８番８号青葉ビル１０３,03-6233-8341
青葉ビル３０１,東京都新宿区大久保二丁目８番８号青葉ビル３０１,03-6233-8341
青葉ビル３０２,東京都新宿区大久保二丁目８番８号青葉ビル３０２,03-6233-8341
青葉ビル３０３,東京都新宿区大久保二丁目８番８号青葉ビル３０３,03-6233-8341
M130003207,東京都新宿区大京町２０番地４,03-3577-9866
グリーングラス千駄ヶ谷１０２,東京都新宿区大京町３０番地１１グリーングラス千駄ヶ谷１０２,03-3493-1606
M130001642,東京都新宿区中井一丁目９番２号,080-5011-5699
M130009643,東京都新宿区中井二丁目７番７号,03-3590-5025
M130001912,東京都新宿区中落合三丁目３番５号,090-9858-6799
ＴＥＩＪＩＮ　ＡＰＡＲＴＭＥＮＴ　４Ｆ,東京都新宿区天神町７１番地ＴＥＩＪＩＮ　ＡＰＡＲＴＭＥＮＴ　４Ｆ,03-3577-9866
ＴＥＩＪＩＮ　ＡＰＡＲＴＭＥＮＴ　８Ｆ,東京都新宿区天神町７１番地ＴＥＩＪＩＮ　ＡＰＡＲＴＭＥＮＴ　８Ｆ,03-3577-9866
M130010531,東京都新宿区南榎町２番地１４,080-9408-9302
M130004662,東京都新宿区馬場下町５５番地,03-6874-9175
ライズハウス１０１,東京都新宿区百人町一丁目１１番１０号ライズハウス１０１,03-3226-3335
ライズハウス１０２,東京都新宿区百人町一丁目１１番１０号ライズハウス１０２,03-3226-3335
ライズハウス２０１,東京都新宿区百人町一丁目１１番１０号ライズハウス２０１,03-3226-3335
ライズハウス２０２,東京都新宿区百人町一丁目１１番１０号ライズハウス２０２,03-3226-3335
ライズハウス２０３,東京都新宿区百人町一丁目１１番１０号ライズハウス２０３,03-3226-3335
ライズハウス３０１,東京都新宿区百人町一丁目１１番１０号ライズハウス３０１,03-3226-3335
ライズハウス３０２,東京都新宿区百人町一丁目１１番１０号ライズハウス３０２,03-3226-3335
ライズハウス３０３,東京都新宿区百人町一丁目１１番１０号ライズハウス３０３,03-3226-3335
Ｂ,東京都新宿区百人町一丁目１１番７号Ｂ,03-6666-9760
M130000855,東京都新宿区百人町一丁目１３番２９号,03-3954-0753
ＰＡＴＩＯ新宿２０１,東京都新宿区百人町一丁目１５番２９号ＰＡＴＩＯ新宿２０１,03-3361-8567
ＰＡＴＩＯ新宿２０２,東京都新宿区百人町一丁目１５番２９号ＰＡＴＩＯ新宿２０２,03-3361-8567
ＰＡＴＩＯ新宿２０３,東京都新宿区百人町一丁目１５番２９号ＰＡＴＩＯ新宿２０３,03-3361-8567
ＰＡＴＩＯ新宿２０４,東京都新宿区百人町一丁目１５番２９号ＰＡＴＩＯ新宿２０４,03-3361-8567
ＰＡＴＩＯ新宿２０５,東京都新宿区百人町一丁目１５番２９号ＰＡＴＩＯ新宿２０５,03-3361-8567
ＰＡＴＩＯ新宿３０２,東京都新宿区百人町一丁目１５番２９号ＰＡＴＩＯ新宿３０２,03-3361-8567
ＰＡＴＩＯ新宿３０３,東京都新宿区百人町一丁目１５番２９号ＰＡＴＩＯ新宿３０３,03-3361-8567
ＰＡＴＩＯ新宿３０４,東京都新宿区百人町一丁目１５番２９号ＰＡＴＩＯ新宿３０４,03-3361-8567
ＰＡＴＩＯ新宿３０５,東京都新宿区百人町一丁目１５番２９号ＰＡＴＩＯ新宿３０５,03-3361-8567
ＰＡＴＩＯ新宿４０２,東京都新宿区百人町一丁目１５番２９号ＰＡＴＩＯ新宿４０２,03-3361-8567
ＰＡＴＩＯ新宿４０３,東京都新宿区百人町一丁目１５番２９号ＰＡＴＩＯ新宿４０３,03-3361-8567
ＰＡＴＩＯ新宿４０４,東京都新宿区百人町一丁目１５番２９号ＰＡＴＩＯ新宿４０４,03-3361-8567
ＰＡＴＩＯ新宿４０５,東京都新宿区百人町一丁目１５番２９号ＰＡＴＩＯ新宿４０５,03-3361-8567
ホワイトキャッスルＢ棟２０３,東京都新宿区百人町一丁目１５番８号ホワイトキャッスルＢ棟２０３,090-1853-1545
百人町フールハウス,東京都新宿区百人町一丁目１６番２３号百人町フールハウス,03-5787-8138
大久保コート２０１,東京都新宿区百人町一丁目１６番２８号大久保コート２０１,0466-20-5194
都　新宿１０２,東京都新宿区百人町一丁目１７番１５号都　新宿１０２,03-6455-4508
都　新宿１０３,東京都新宿区百人町一丁目１７番１５号都　新宿１０３,03-6455-4508
都　新宿１０４,東京都新宿区百人町一丁目１７番１５号都　新宿１０４,03-6455-4508
都　新宿１０５,東京都新宿区百人町一丁目１７番１５号都　新宿１０５,03-6455-4508
都　新宿１０６,東京都新宿区百人町一丁目１７番１５号都　新宿１０６,03-6455-4508
都　新宿１０１,東京都新宿区百人町一丁目１７番１５号都　新宿１０１,03-6455-4508
都　新宿２０１,東京都新宿区百人町一丁目１７番１５号都　新宿２０１,03-6455-4508
都　新宿２０２,東京都新宿区百人町一丁目１７番１５号都　新宿２０２,03-6455-4508
都　新宿２０３,東京都新宿区百人町一丁目１７番１５号都　新宿２０３,03-6455-4508
都　新宿２０４,東京都新宿区百人町一丁目１７番１５号都　新宿２０４,03-6455-4508
都　新宿２０５,東京都新宿区百人町一丁目１７番１５号都　新宿２０５,03-6455-4508
都　新宿２０６,東京都新宿区百人町一丁目１７番１５号都　新宿２０６,03-6455-4508
M130009591,東京都新宿区百人町一丁目１９番１９号,03-6273-8085
山田ビル２Ｆ,東京都新宿区百人町一丁目２０番１６号山田ビル２Ｆ,03-6873-8657
山田ビル１Ｆ,東京都新宿区百人町一丁目２０番１６号山田ビル１Ｆ,03-6873-8657
ムサシノビル８０７,東京都新宿区百人町一丁目２０番２６号ムサシノビル８０７,03-5835-0886
グリーンハイツ千加松３０６,東京都新宿区百人町一丁目２２番７号グリーンハイツ千加松３０６,03-4405-2198
グリーンハイツ千加松３０５,東京都新宿区百人町一丁目２２番７号グリーンハイツ千加松３０５,03-6273-9301
第一サンワビル５階,東京都新宿区百人町一丁目２３番２号第一サンワビル５階,03-4405-2198
野田ビル５Ｆ,東京都新宿区百人町一丁目２３番２号野田ビル５Ｆ,03-5989-1727
第一サンワビル７０１,東京都新宿区百人町一丁目２３番２号第一サンワビル７０１,03-5545-5737
第一サンワビル６０１,東京都新宿区百人町一丁目２３番２号第一サンワビル６０１,03-5545-5737
第一サンワビル２階,東京都新宿区百人町一丁目２３番２号第一サンワビル２階,03-4560-2349
東方ビル３０１,東京都新宿区百人町一丁目３番１号東方ビル３０１,03-6233-9770
東方ビル３０３,東京都新宿区百人町一丁目３番１号東方ビル３０３,03-6233-9770
M130001037,東京都新宿区百人町三丁目１３番１１号,080-3559-5188
尚美ビル　４０１,東京都新宿区百人町二丁目１１番１３号尚美ビル　４０１,03-4405-9504
M130004593,東京都新宿区百人町二丁目１３番５号,03-6677-7081
１・２階,東京都新宿区百人町二丁目１９番１２号１・２階,080-4177-5777
M130001509,東京都新宿区百人町二丁目１９番１５号,080-5190-4120
M130006916,東京都新宿区百人町二丁目１番１８号,03-5549-2442
M130004883,東京都新宿区百人町二丁目１番４６号,080-3279-5118
M130002226,東京都新宿区百人町二丁目１番４７号,03-3200-2628
M130004882,東京都新宿区百人町二丁目１番４８号,090-9237-1780
シャトー大久保３０１,東京都新宿区百人町二丁目１番５０号シャトー大久保３０１,090-8260-2492
コートウィステリア１０１,東京都新宿区百人町二丁目２１番１８号コートウィステリア１０１,080-2598-1311
１Ｆ,東京都新宿区百人町二丁目２１番２８号１Ｆ,03-5577-7260
２Ｆ、３Ｆ,東京都新宿区百人町二丁目２１番２８号２Ｆ、３Ｆ,03-5577-7260
プラザ新宿３０３,東京都新宿区百人町二丁目２３番１２号プラザ新宿３０３,03-6205-6120
プラザ新宿３０５,東京都新宿区百人町二丁目２３番１２号プラザ新宿３０５,03-6205-6120
プラザ新宿３０７,東京都新宿区百人町二丁目２３番１２号プラザ新宿３０７,03-6205-6120
プラザ新宿１０１,東京都新宿区百人町二丁目２３番１２号プラザ新宿１０１,03-6205-6120
プラザ新宿２０３,東京都新宿区百人町二丁目２３番１２号プラザ新宿２０３,03-6205-6120
プラザ新宿２０５,東京都新宿区百人町二丁目２３番１２号プラザ新宿２０５,03-6205-6120
プラザ新宿２０７,東京都新宿区百人町二丁目２３番１２号プラザ新宿２０７,03-6205-6120
プラザ新宿２０８,東京都新宿区百人町二丁目２３番１２号プラザ新宿２０８,03-6205-6120
プラザ新宿２１５,東京都新宿区百人町二丁目２３番１２号プラザ新宿２１５,03-6205-6120
プラザ新宿１０２,東京都新宿区百人町二丁目２３番１２号プラザ新宿１０２,03-6205-6120
プラザ新宿１０５,東京都新宿区百人町二丁目２３番１２号プラザ新宿１０５,03-6205-6120
プラザ新宿１０６,東京都新宿区百人町二丁目２３番１２号プラザ新宿１０６,03-6205-6120
プラザ新宿１０８,東京都新宿区百人町二丁目２３番１２号プラザ新宿１０８,03-6205-6120
プラザ新宿１１０,東京都新宿区百人町二丁目２３番１２号プラザ新宿１１０,03-6205-6120
プラザ新宿２０１,東京都新宿区百人町二丁目２３番１２号プラザ新宿２０１,03-6205-6120
プラザ新宿３０１,東京都新宿区百人町二丁目２３番１２号プラザ新宿３０１,03-6205-6120
プラザ新宿３１０,東京都新宿区百人町二丁目２３番１２号プラザ新宿３１０,03-6205-6120
プラザ新宿３１２,東京都新宿区百人町二丁目２３番１２号プラザ新宿３１２,03-6205-6120
プラザ新宿３１３,東京都新宿区百人町二丁目２３番１２号プラザ新宿３１３,03-6205-6120
プラザ新宿３１５,東京都新宿区百人町二丁目２３番１２号プラザ新宿３１５,03-6205-6120
プラザ新宿４０１,東京都新宿区百人町二丁目２３番１２号プラザ新宿４０１,03-6205-6120
プラザ新宿４０２,東京都新宿区百人町二丁目２３番１２号プラザ新宿４０２,03-6205-6120
プラザ新宿４０８,東京都新宿区百人町二丁目２３番１２号プラザ新宿４０８,03-6205-6120
プラザ新宿４１１,東京都新宿区百人町二丁目２３番１２号プラザ新宿４１１,03-6205-6120
プラザ新宿４１２,東京都新宿区百人町二丁目２３番１２号プラザ新宿４１２,03-6205-6120
プラザ新宿４１３,東京都新宿区百人町二丁目２３番１２号プラザ新宿４１３,03-6205-6120
プラザ新宿４１５,東京都新宿区百人町二丁目２３番１２号プラザ新宿４１５,03-6205-6120
ＡＮＤＡＮＴＥ１０２,東京都新宿区百人町二丁目２３番４０号ＡＮＤＡＮＴＥ１０２,03-6273-8263
ＡＮＤＡＮＴＥ２０１,東京都新宿区百人町二丁目２３番４０号ＡＮＤＡＮＴＥ２０１,03-6273-8263
ＡＮＤＡＮＴＥ２０２,東京都新宿区百人町二丁目２３番４０号ＡＮＤＡＮＴＥ２０２,03-6273-8263
ＡＮＤＡＮＴＥ２０３,東京都新宿区百人町二丁目２３番４０号ＡＮＤＡＮＴＥ２０３,03-6273-8263
三好ビル２０３,東京都新宿区百人町二丁目２３番４７号三好ビル２０３,03-5797-7900
三好ビル４０１、４０２,東京都新宿区百人町二丁目２３番４７号三好ビル４０１、４０２,03-5797-7900
光楽荘１０３,東京都新宿区百人町二丁目２４番２４号光楽荘１０３,03-3346-1830
ＮＣスクエア新宿２０２,東京都新宿区百人町二丁目２６番９号ＮＣスクエア新宿２０２,03-6273-9313
ＮＣスクエア新宿４０２,東京都新宿区百人町二丁目２６番９号ＮＣスクエア新宿４０２,03-6273-9313
ＮＣスクエア新宿４０１,東京都新宿区百人町二丁目２６番９号ＮＣスクエア新宿４０１,03-6273-9313
リマックス新大久保６Ｆ,東京都新宿区百人町二丁目２番１号リマックス新大久保６Ｆ,080-3547-7222
アーバンシティ百人町１階,東京都新宿区百人町二丁目３番１５号アーバンシティ百人町１階,03-6721-0933
アーバンシティ百人町２０１,東京都新宿区百人町二丁目３番１５号アーバンシティ百人町２０１,03-6721-0933
Ｓ・Ａビル２Ｆ,東京都新宿区百人町二丁目６番６号Ｓ・Ａビル２Ｆ,080-5086-5704
新宿サニーマンション４０４,東京都新宿区百人町二丁目７番１４号新宿サニーマンション４０４,090-8461-6101
新宿サニーマンション２０３,東京都新宿区百人町二丁目７番１４号新宿サニーマンション２０３,03-5787-8138
新宿サニーマンション４０１,東京都新宿区百人町二丁目７番１４号新宿サニーマンション４０１,03-5787-8138
新宿サニーマンション３０２,東京都新宿区百人町二丁目７番１４号新宿サニーマンション３０２,03-5787-8138
新宿サニーマンション５０２,東京都新宿区百人町二丁目７番１４号新宿サニーマンション５０２,03-6876-3083
新宿サニーマンション６０２,東京都新宿区百人町二丁目７番１４号新宿サニーマンション６０２,03-5787-8138
新宿サニーマンション６０１,東京都新宿区百人町二丁目７番１４号新宿サニーマンション６０１,03-6279-3081
新宿サニーマンション５０１,東京都新宿区百人町二丁目７番１４号新宿サニーマンション５０１,03-6380-9538
M130003906,東京都新宿区富久町４１番６号,080-4414-1981
クワトロ早稲田１０２,東京都新宿区弁天町１３８番地３クワトロ早稲田１０２,03-3346-1830
サンエスビル６Ｆ,東京都新宿区北新宿一丁目１２番１２号サンエスビル６Ｆ,03-6914-1180
サンエスビル７Ｆ,東京都新宿区北新宿一丁目１２番１２号サンエスビル７Ｆ,03-6914-1180
Ｎａｎｏ北新宿１０１,東京都新宿区北新宿一丁目１２番５号Ｎａｎｏ北新宿１０１,090-5332-5249
Ｎａｎｏ北新宿１０２,東京都新宿区北新宿一丁目１２番５号Ｎａｎｏ北新宿１０２,090-5332-5249
Ｎａｎｏ北新宿１０３,東京都新宿区北新宿一丁目１２番５号Ｎａｎｏ北新宿１０３,090-5332-5249
Ｎａｎｏ北新宿１０５,東京都新宿区北新宿一丁目１２番５号Ｎａｎｏ北新宿１０５,090-5332-5249
Ｎａｎｏ北新宿１０６,東京都新宿区北新宿一丁目１２番５号Ｎａｎｏ北新宿１０６,090-5332-5249
Ｎａｎｏ北新宿１０７,東京都新宿区北新宿一丁目１２番５号Ｎａｎｏ北新宿１０７,090-5332-5249
Ｎａｎｏ北新宿１０８,東京都新宿区北新宿一丁目１２番５号Ｎａｎｏ北新宿１０８,090-5332-5249
Ｎａｎｏ北新宿１１０,東京都新宿区北新宿一丁目１２番５号Ｎａｎｏ北新宿１１０,090-5332-5249
M130006900,東京都新宿区北新宿一丁目１６番１９号,080-3714-8548
メゾン家田２０２,東京都新宿区北新宿一丁目１６番２０号メゾン家田２０２,03-4405-9504
メゾン家田２０５,東京都新宿区北新宿一丁目１６番２０号メゾン家田２０５,03-4405-9504
メゾン家田２０６,東京都新宿区北新宿一丁目１６番２０号メゾン家田２０６,03-4405-9504
メゾン家田２０７,東京都新宿区北新宿一丁目１６番２０号メゾン家田２０７,03-4405-9504
リヴシティ新宿壱番館４０７号室,東京都新宿区北新宿一丁目１９番１２号リヴシティ新宿壱番館４０７号室,03-6661-7734
リヴシティ新宿壱番館２０４号室,東京都新宿区北新宿一丁目１９番１２号リヴシティ新宿壱番館２０４号室,03-6661-7734
リヴシティ新宿壱番館３１２号室,東京都新宿区北新宿一丁目１９番１２号リヴシティ新宿壱番館３１２号室,03-6661-7734
リヴシティ新宿壱番館１０２号室,東京都新宿区北新宿一丁目１９番１２号リヴシティ新宿壱番館１０２号室,03-6661-7734
リヴシティ新宿壱番館１１４号室,東京都新宿区北新宿一丁目１９番１２号リヴシティ新宿壱番館１１４号室,03-6661-7734
リヴシティ新宿壱番館２１９号室,東京都新宿区北新宿一丁目１９番１２号リヴシティ新宿壱番館２１９号室,03-6661-7734
リヴシティ新宿壱番館１０９号室,東京都新宿区北新宿一丁目１９番１２号リヴシティ新宿壱番館１０９号室,03-6661-7734
リヴシティ新宿壱番館２０５号室,東京都新宿区北新宿一丁目１９番１２号リヴシティ新宿壱番館２０５号室,03-6661-7734
リヴシティ新宿壱番館２１３号室,東京都新宿区北新宿一丁目１９番１２号リヴシティ新宿壱番館２１３号室,03-6661-7734
リヴシティ新宿壱番館２１５号室,東京都新宿区北新宿一丁目１９番１２号リヴシティ新宿壱番館２１５号室,03-6661-7734
リヴシティ新宿壱番館５０５号室,東京都新宿区北新宿一丁目１９番１２号リヴシティ新宿壱番館５０５号室,03-6661-7734
リヴシティ新宿壱番館５０８号室,東京都新宿区北新宿一丁目１９番１２号リヴシティ新宿壱番館５０８号室,03-6661-7734
リヴシティ新宿壱番館６０６号室,東京都新宿区北新宿一丁目１９番１２号リヴシティ新宿壱番館６０６号室,03-6661-7734
リヴシティ新宿壱番館４０５号室,東京都新宿区北新宿一丁目１９番１２号リヴシティ新宿壱番館４０５号室,03-6661-7734
リヴシティ新宿壱番館５１３号室,東京都新宿区北新宿一丁目１９番１２号リヴシティ新宿壱番館５１３号室,03-6661-7734
リヴシティ新宿壱番館５１０号室,東京都新宿区北新宿一丁目１９番１２号リヴシティ新宿壱番館５１０号室,03-6661-7734
リヴシティ新宿壱番館２２１号室,東京都新宿区北新宿一丁目１９番１２号リヴシティ新宿壱番館２２１号室,03-6457-8029
リヴシティ新宿壱番館４１５号室,東京都新宿区北新宿一丁目１９番１２号リヴシティ新宿壱番館４１５号室,03-6457-8029
リヴシティ新宿壱番館３１０号室,東京都新宿区北新宿一丁目１９番１２号リヴシティ新宿壱番館３１０号室,03-6661-7734
リヴシティ新宿壱番館６０５号室,東京都新宿区北新宿一丁目１９番１２号リヴシティ新宿壱番館６０５号室,03-6661-7734
リヴシティ新宿壱番館２１１号室,東京都新宿区北新宿一丁目１９番１２号リヴシティ新宿壱番館２１１号室,03-4405-9504
リヴシティ新宿壱番館３１６号室,東京都新宿区北新宿一丁目１９番１２号リヴシティ新宿壱番館３１６号室,03-4405-9504
リヴシティ新宿壱番館３１９号室,東京都新宿区北新宿一丁目１９番１２号リヴシティ新宿壱番館３１９号室,03-4405-9504
リヴシティ新宿壱番館２０１号室,東京都新宿区北新宿一丁目１９番１２号リヴシティ新宿壱番館２０１号室,03-6661-7734
リヴシテイ新宿壱番館４１３号室,東京都新宿区北新宿一丁目１９番１２号リヴシテイ新宿壱番館４１３号室,03-5549-2442
リヴシテイ新宿弐番館２０８号室,東京都新宿区北新宿一丁目２１番１６号リヴシテイ新宿弐番館２０８号室,080-2598-1311
リヴシテイ新宿弐番館４０６号室,東京都新宿区北新宿一丁目２１番１６号リヴシテイ新宿弐番館４０６号室,080-2598-1311
リヴシティ新宿弐番館５０４号室,東京都新宿区北新宿一丁目２１番１６号リヴシティ新宿弐番館５０４号室,03-6661-7734
リヴシティ新宿弐番館３０１号室,東京都新宿区北新宿一丁目２１番１６号リヴシティ新宿弐番館３０１号室,03-6661-7734
リヴシティ新宿弐番館３０３号室,東京都新宿区北新宿一丁目２１番１６号リヴシティ新宿弐番館３０３号室,03-6661-7734
リヴシティ新宿弐番館３０４号室,東京都新宿区北新宿一丁目２１番１６号リヴシティ新宿弐番館３０４号室,03-6661-7734
リヴシティ新宿弐番館４０２号室,東京都新宿区北新宿一丁目２１番１６号リヴシティ新宿弐番館４０２号室,03-6661-7734
リヴシティ新宿弐番館４０３号室,東京都新宿区北新宿一丁目２１番１６号リヴシティ新宿弐番館４０３号室,03-6661-7734
リヴシティ新宿弐番館５０２号室,東京都新宿区北新宿一丁目２１番１６号リヴシティ新宿弐番館５０２号室,03-6661-7734
ＣＳマンション北新宿１０１,東京都新宿区北新宿一丁目３３番４号ＣＳマンション北新宿１０１,050-5577-7888
ＣＳマンション北新宿１０２,東京都新宿区北新宿一丁目３３番４号ＣＳマンション北新宿１０２,050-5577-7888
ＣＳマンション北新宿１０３,東京都新宿区北新宿一丁目３３番４号ＣＳマンション北新宿１０３,050-5577-7888
ＣＳマンション北新宿２０１,東京都新宿区北新宿一丁目３３番４号ＣＳマンション北新宿２０１,050-5577-7888
ＣＳマンション北新宿２０２,東京都新宿区北新宿一丁目３３番４号ＣＳマンション北新宿２０２,050-5577-7888
ＣＳマンション北新宿２０３,東京都新宿区北新宿一丁目３３番４号ＣＳマンション北新宿２０３,050-5577-7888
ＣＳマンション北新宿３０２,東京都新宿区北新宿一丁目３３番４号ＣＳマンション北新宿３０２,050-5577-7888
プラネットＫ３０１,東京都新宿区北新宿一丁目６番１１号プラネットＫ３０１,03-5860-9670
M130004224,東京都新宿区北新宿一丁目８番７号,03-6667-4568
サウスナパ１０１、１０２,東京都新宿区北新宿一丁目９番１３号サウスナパ１０１、１０２,03-5330-8382
サウスナパ２０１,東京都新宿区北新宿一丁目９番１３号サウスナパ２０１,080-5913-3318
サウスナパ２０２,東京都新宿区北新宿一丁目９番１３号サウスナパ２０２,080-5913-3318
クルーズ東中野２０１,東京都新宿区北新宿三丁目１２番１６号クルーズ東中野２０１,03-6805-3304
カルマートいずみ１０３,東京都新宿区北新宿三丁目１３番２号カルマートいずみ１０３,03-6873-8657
カルマートいずみ１０１,東京都新宿区北新宿三丁目１３番２号カルマートいずみ１０１,03-6873-8657
M130003505,東京都新宿区北新宿三丁目１４番１３号,090-6487-8399
ユーハート北新宿１０３,東京都新宿区北新宿三丁目１４番１６号ユーハート北新宿１０３,03-4405-9504
ラスペラーザ１０３,東京都新宿区北新宿三丁目１９番３号ラスペラーザ１０３,03-6457-8029
ラスペラーザ１０５,東京都新宿区北新宿三丁目１９番３号ラスペラーザ１０５,03-6457-8029
滝澤ビル２０２,東京都新宿区北新宿三丁目１番５号滝澤ビル２０２,03-4405-2198
滝澤ビル２０３,東京都新宿区北新宿三丁目１番５号滝澤ビル２０３,03-4405-2198
プチハウス２０２,東京都新宿区北新宿三丁目２３番１７号プチハウス２０２,090-6785-7856
サクラハイツ１Ａ,東京都新宿区北新宿三丁目２６番１０号サクラハイツ１Ａ,03-5797-7900
M130010806,東京都新宿区北新宿三丁目３２番２号,080-3737-6988
パークレジデンス１０２,東京都新宿区北新宿三丁目３番１５号パークレジデンス１０２,050-1468-0480
パークレジデンス２０３,東京都新宿区北新宿三丁目３番１５号パークレジデンス２０３,050-1468-0480
ホーヨー第２ビル２０１,東京都新宿区北新宿四丁目１９番７号ホーヨー第２ビル２０１,03-3362-0658
ホーヨー第２ビル２０５,東京都新宿区北新宿四丁目１９番７号ホーヨー第２ビル２０５,03-3362-0658
ホーヨー第２ビル３０２,東京都新宿区北新宿四丁目１９番７号ホーヨー第２ビル３０２,03-3362-0658
ホーヨー第２ビル４０１,東京都新宿区北新宿四丁目１９番７号ホーヨー第２ビル４０１,03-3362-0658
ホーヨー第２ビル６０３,東京都新宿区北新宿四丁目１９番７号ホーヨー第２ビル６０３,03-3362-0658
M130005104,東京都新宿区北新宿四丁目５番２号,042-329-6100
M130001059,東京都新宿区北新宿二丁目１６番１０号,03-3366-7279
１Ｆ,東京都新宿区北新宿二丁目２番１１号１Ｆ,070-6525-5888
２Ｆ,東京都新宿区北新宿二丁目２番１１号２Ｆ,070-6525-5888
富士見ハイツ１０１,東京都新宿区北新宿二丁目２番９号富士見ハイツ１０１,03-5787-8138
富士見ハイツ１０２,東京都新宿区北新宿二丁目２番９号富士見ハイツ１０２,03-5787-8138
富士見ハイツ１０３,東京都新宿区北新宿二丁目２番９号富士見ハイツ１０３,03-5787-8138
富士見ハイツ２０２,東京都新宿区北新宿二丁目２番９号富士見ハイツ２０２,03-5787-8138
グリーンキャピタル１０２,東京都新宿区北新宿二丁目３番１３号グリーンキャピタル１０２,03-6273-9301
グリーンキャピタル２０３,東京都新宿区北新宿二丁目３番１３号グリーンキャピタル２０３,03-6273-9301
エクセル橋立１０３,東京都新宿区北新宿二丁目５番１２号エクセル橋立１０３,03-3346-1830
エクセル橋立２０３,東京都新宿区北新宿二丁目５番１２号エクセル橋立２０３,03-3346-1830
エクセル橋立３０２,東京都新宿区北新宿二丁目５番１２号エクセル橋立３０２,03-4405-9504
エクセル橋立１０２,東京都新宿区北新宿二丁目５番１２号エクセル橋立１０２,03-4405-9504
エクセル橋立１０５,東京都新宿区北新宿二丁目５番１２号エクセル橋立１０５,03-4405-9504
エクセル橋立３０１,東京都新宿区北新宿二丁目５番１２号エクセル橋立３０１,03-4405-9504
グリーンコーポ２０２,東京都新宿区北新宿二丁目５番１３号グリーンコーポ２０２,03-4405-9504
グリーンコーポ２０３,東京都新宿区北新宿二丁目５番１３号グリーンコーポ２０３,03-4405-9504
グリーンコーポ２０５,東京都新宿区北新宿二丁目５番１３号グリーンコーポ２０５,03-4405-9504
グリーンコーポ２０６,東京都新宿区北新宿二丁目５番１３号グリーンコーポ２０６,03-4405-9504
M130005542,東京都新宿区北新宿二丁目５番９号,03-6709-8933
北新宿テラスハウス中央棟,東京都新宿区北新宿二丁目８番７号北新宿テラスハウス中央棟,03-6661-7734
アーバンコア鹿野４０１・５０１,東京都新宿区余丁町３番７号アーバンコア鹿野４０１・５０１,03-5989-1727
アーバンコア鹿野５０６,東京都新宿区余丁町３番７号アーバンコア鹿野５０６,03-5989-1727
